,BC_HW,BC_p_h,BC (ug/m3),BC_EF,BC_t1,BC_actual_TS,BC_t2
0,15.30304392,1.33263548,20.39337928,210.4596742,90.38800369,0:03:19,105.6910476
1,115.6194956,1.672673448,193.3936604,1995.822575,220.1394958,0:05:25,335.7589914
2,61.04713301,1.547732249,94.48461644,975.0812417,416.5171101,0:08:40,477.5642431
3,4.549915561,1.548506961,7.04557592,72.71034349,554.0266633,0:10:55,558.5765789
4,1.058464387,1.54835711,1.638880859,16.91325046,563.7226948,0:11:04,564.7811592
5,109.9021327,1.452212841,159.6012884,1647.085296,537.0324746,0:10:38,646.9346073
6,93.0705746,2.679173398,249.3522076,2573.314782,827.780572,0:15:26,920.8511467
7,49.21058118,1.68849785,83.09196051,857.5090325,997.8738295,0:18:14,1047.084411
8,13.35056359,1.455423038,19.43071783,200.525008,1073.477221,0:19:29,1086.827784
9,5.594300152,1.455757909,8.143946695,84.04552989,1090.218499,0:19:46,1095.812799
10,9.957294501,1.47891571,14.72599926,151.9723124,1122.124594,0:20:18,1132.081889
11,38.33100816,2.042038491,78.27339407,807.7814268,1201.069487,0:21:37,1239.400495
12,201.9935018,1.67653187,338.6485433,3494.852967,1168.002468,0:21:04,1369.99597
13,120.5645368,1.95355738,235.5297407,2430.666924,1509.18638,0:26:36,1629.750917
14,0.528725897,1.512164219,0.799520384,8.251050363,1716.971274,0:29:57,1717.5
15,58.91430447,1.335441318,78.67659644,811.9424753,1689.614877,0:29:31,1748.529182
16,116.3731426,1.546598836,179.982567,1857.420091,1823.131436,0:31:42,1939.504579
17,98.98166723,1.568913982,155.2937217,1602.631208,2050.791453,0:35:25,2149.77312
18,6.751766733,1.338610408,9.03798522,93.27200747,2259.455961,0:38:52,2266.207728
19,34.11418314,1.350293596,46.06416305,475.3821627,2286.769031,0:39:19,2320.883214
20,88.94607745,1.489380602,132.4745623,1367.137483,2482.192072,0:42:34,2571.138149
21,80.98865776,2.364477968,191.4958969,1976.237656,2644.244959,0:45:15,2725.233616
22,26.96812507,1.7449501,47.05803254,485.6388958,2774.953897,0:47:25,2801.922022
23,105.6214431,2.843211185,300.3040682,3099.137984,2903.865662,0:49:34,3009.487105
24,62.18343397,2.372755169,147.5460644,1522.675385,3101.756121,0:52:52,3163.939555
25,17.57983603,1.41088868,24.80319164,255.9689377,3231.878726,0:55:02,3249.458562
26,3.637382501,1.372381218,4.991875429,51.51615443,3260.480361,0:55:31,3264.117744
27,8.56442395,1.362978707,11.67312748,120.4666756,3280.628389,0:55:51,3289.192813
28,41.25912252,1.431793147,59.07452887,609.6491379,3314.381447,0:56:25,3355.64057
29,0.903819657,1.417223431,1.280914396,13.21903657,3437.59618,0:58:28,3438.5
30,61.16030605,1.594387195,97.5132088,1006.336315,3541.76583,1:00:12,3602.926136
31,230.6864743,1.524006354,351.5676527,3628.178176,3505.091148,0:59:36,3735.777622
32,107.7271418,1.544401487,166.3739581,1716.979248,3820.302323,1:04:49,3928.029465
33,30.0726607,1.68014088,50.5263066,521.4314841,4023.411768,1:08:09,4053.484429
34,141.0761056,2.03964935,287.745787,2969.536522,4117.899327,1:09:43,4258.975433
35,14.76446688,1.453188316,21.45555077,221.4212839,4315.696037,1:13:01,4330.460504
36,73.27001828,1.331334443,97.54689901,1006.683998,4403.261088,1:14:29,4476.531106
37,6.759267096,1.345510675,9.094666032,93.85695345,4443.537523,1:15:08,4450.296791
38,5.758172868,1.325247362,7.631003404,78.75195513,4493.403339,1:15:58,4499.161512
39,65.83791507,1.429055688,94.086047,970.968005,4689.473843,1:19:12,4755.311758
40,69.08270989,1.470268339,101.5701211,1048.20365,4815.508751,1:21:17,4884.591461
41,82.47422681,1.553181841,128.0974714,1321.965905,4950.148457,1:23:31,5032.622684
42,73.30717488,1.441302874,105.6578418,1090.388927,5154.900144,1:26:53,5228.207319
43,123.2210098,2.190950434,269.9711248,2786.102008,5327.982847,1:29:46,5451.203857
44,65.34963739,1.370721197,89.57613317,924.4256943,5535.873218,1:33:13,5601.222855
45,1.840154493,1.288228924,2.370540242,24.4639753,5635.33328,1:34:51,5637.173435
46,28.3502346,1.314169961,37.2570267,384.4925155,5656.968366,1:35:12,5685.3186
47,33.98798965,1.31896912,44.8291088,462.6364028,5710.968279,1:36:06,5744.956268
48,75.61474005,1.455607146,110.065356,1135.874474,5852.988644,1:38:28,5928.603384
49,35.16645423,1.420132084,49.94100992,515.3912224,5974.524264,1:40:29,6009.690719
50,87.48332498,1.35233062,118.3063791,1220.921832,6105.707593,1:42:40,6193.190918
51,101.7680154,1.533447095,156.0558677,1610.496555,6320.931187,1:46:15,6422.699202
52,82.45033657,1.500355114,123.7047841,1276.633372,6491.319529,1:49:06,6573.769866
53,8.943359509,1.412981572,12.63680218,130.4117985,6618.341547,1:51:12,6627.284906
54,140.2957718,1.350523356,189.4727165,1955.358434,6751.194859,1:53:23,6891.49063
55,78.35104057,1.414825801,110.8530737,1144.003721,6939.516349,1:56:31,7017.867389
56,105.6511213,1.320375677,139.4991708,1439.631443,7155.478803,2:00:06,7261.129924
57,14.62858654,1.231173451,18.01032738,185.8665786,7363.86278,2:03:33,7378.491367
58,128.1775259,1.3675896,175.2942513,1809.036673,7452.66832,2:05:02,7580.845846
59,235.2993899,1.429102444,336.2669332,3470.274751,7707.388652,2:09:14,7942.688041
60,77.71669254,1.475073695,114.6378488,1183.0626,7831.110832,2:11:16,7908.827525
61,4.784211102,1.479236362,7.076979023,73.03442352,7868.752897,2:11:52,7873.537108
62,12.71015023,1.479818876,18.80872023,194.1059928,7884.998045,2:12:08,7897.708195
63,49.31648228,1.398698136,68.97887182,711.8619572,8037.573523,2:14:39,8086.890006
64,59.72530342,1.424047306,85.05165743,877.7331047,8158.399287,2:16:39,8218.12459
65,100.6932004,1.494468863,150.4828527,1552.98304,8313.635812,2:19:14,8414.329012
66,83.82998048,1.364158629,114.3573913,1180.168278,8522.576238,2:22:42,8606.406218
67,67.20395784,1.238134183,83.20751741,858.7015797,8664.466164,2:25:03,8731.670121
68,6.191947816,1.249048873,7.734045444,79.81534898,8699.668658,2:25:38,8705.860606
69,19.94548074,1.235973051,24.65207668,254.4094313,8750.131707,2:26:28,8770.077188
70,362.7117504,1.629309107,590.9695582,6098.805841,8997.620034,2:30:34,9360.331784
71,13.24156284,1.765656537,23.38005199,241.2821365,9244.383451,2:34:41,9257.625014
72,3.937910931,1.756504108,6.916956729,71.38299344,9276.73993,2:35:13,9280.677841
73,2.19016149,1.444400063,3.163469395,32.64700416,9452.855408,2:38:08,9455.045569
74,41.26855921,1.442527161,59.53101755,614.3601011,9446.227007,2:38:02,9487.495566
75,71.08716089,1.519329703,108.004835,1114.609897,9543.273505,2:39:39,9614.360666
76,71.45108423,1.302533614,93.06743899,960.4559704,9690.968619,2:42:07,9762.419703
77,82.70982009,1.393530534,115.2586597,1189.469368,9890.240217,2:45:26,9972.950037
78,84.40487971,1.613919899,136.222715,1405.818419,10060.06992,2:48:16,10144.4748
79,94.21137929,1.575720554,148.4508068,1532.012326,10207.08969,2:50:41,10301.30107
80,72.97615048,2.683381341,195.8228405,2020.891714,10390.43477,2:53:44,10463.41092
81,40.33503449,1.497775107,60.41281059,623.4602053,10528.65554,2:56:01,10568.99057
82,6.824089773,1.514751006,10.33679685,106.6757435,10555.77708,2:56:28,10562.60117
83,10.75295794,1.684286669,18.11106372,186.9061776,10630.45275,2:57:43,10641.20571
84,179.1913461,1.409771287,252.6188146,2607.026167,10598.36469,2:57:11,10777.55604
85,0.601426414,1.691636813,1.017395063,10.49951705,10661.5,2:58:14,10662.10143
86,95.08645435,1.503025382,142.9173544,1474.907097,10870.14611,3:01:41,10965.23256
87,16.04177927,1.368122549,21.94711994,226.4942778,11083.28739,3:05:12,11099.32916
88,113.4370561,1.33792472,151.7702414,1566.268891,11041.35052,3:04:30,11154.78757
89,79.97167958,1.397386256,111.751326,1153.273684,11223.81685,3:07:31,11303.78853
90,42.06383977,1.300148325,54.68923083,564.3928622,11436.03241,3:11:03,11478.09625
91,47.84956454,1.316436143,62.99089621,650.0660489,11554.93681,3:12:58,11602.78637
92,86.74413087,1.324553452,114.897238,1185.739496,11646.66182,3:14:30,11733.40595
93,131.6815131,1.327495674,174.806639,1804.004514,11813.00887,3:17:15,11944.69038
94,67.95400373,1.28899355,87.59227249,903.9522521,12055.21713,3:21:17,12123.17113
95,98.51758972,1.288500739,126.9399872,1310.020668,12186.02597,3:23:28,12284.54356
96,47.62388678,1.281556776,61.03271478,629.8576165,12390.71835,,12438.34223
97,71.00491452,1.262022952,89.60983185,924.7734647,12480.27432,,12551.27924
98,80.49714902,1.40511705,113.1079166,1167.273699,12626.68358,,12707.18073
99,71.61610051,1.345345888,96.3484263,994.3157594,12763.58885,,12835.20495
100,4.110222056,1.337380355,5.496930231,56.72831998,12846.06264,,12850.17286
101,21.0525594,1.403927821,29.55627386,305.0207462,12987.73755,,13008.79011
102,73.27225203,1.487421076,108.986692,1124.742661,13055.78055,,13129.0528
103,94.00089156,1.706300558,160.3937737,1655.263745,13209.07699,,13303.07788
104,98.896533,1.320970652,130.6394177,1348.198791,13433.04846,,13531.945
105,48.74205017,1.36621267,66.59200649,687.229507,13671.83019,,13720.57224
106,258.0652149,1.314146279,339.1354418,3499.877759,13633.63914,,13891.70435
107,69.18342886,1.277754472,88.39943561,912.2821755,14032.58034,,14101.76377
108,57.7821157,1.274777184,73.65932274,760.1642107,14165.39001,,14223.17213
109,77.10576683,1.319924537,101.7737936,1050.30555,14292.84181,,14369.94758
110,76.25844926,1.315854114,100.3449942,1035.56034,14470.61498,,14546.87343
111,54.62421016,1.289676805,70.44757682,727.0189928,14612.9284,,14667.55261
112,72.15095271,1.558317092,112.4340628,1160.319528,14740.78196,,14812.93291
113,7.757258843,1.301542859,10.09640485,104.1948981,14887.87806,,14895.63532
114,51.62943775,1.285068918,66.34738569,684.7050203,14883.53587,,14935.1653
115,49.38637658,1.295869019,63.99827535,660.4622016,14968.38244,,15017.76881
116,6.030212717,1.299504287,7.836287275,80.87048468,15003.4184,,15009.44861
117,10.35434712,1.302168642,13.48310613,139.1456553,15078.96999,,15089.32433
118,2.328165078,1.302958844,3.033503279,31.30575384,15104.78119,,15107.10935
119,11.5906438,1.302818896,15.10050976,155.8372607,15102.80398,,15114.39463
120,214.1769349,1.378121666,295.1618745,3046.070545,15170.98018,,15385.15712
121,47.46423342,1.504242157,71.39770087,736.824273,15315.96377,,15363.42801
122,58.40205001,1.341208246,78.32931105,808.35849,15447.06426,,15505.46631
123,41.89052196,1.310831398,54.91141145,566.6857662,15591.09866,,15632.98918
124,116.0904297,1.536840911,178.4125218,1841.217225,15692.87841,,15808.96884
125,44.88711469,1.333704239,59.86613514,617.8185146,15900.60792,,15945.49503
126,45.44136414,1.245356062,56.59067831,584.0158002,16036.27094,,16081.71231
127,57.68197372,1.310497777,75.59209833,780.1104548,16133.09006,,16190.77203
128,71.87828052,2.541855972,182.7042366,1885.507722,16275.37361,,16347.2519
129,3.343101751,1.60357108,5.360901287,55.32450128,16428.36501,,16431.70811
130,2.242351818,1.603455569,3.595511511,37.10567879,16434.06348,,16436.30584
131,54.05606336,1.397437616,75.53997631,779.5725555,16416.14651,,16470.20258
132,79.1954061,1.300976559,103.0313669,1063.283706,16531.88832,,16611.08372
133,63.44248106,1.308107,82.98955359,856.452193,16663.22312,,16726.6656
134,79.38782869,1.407827907,111.7644007,1153.408615,16834.9953,,16914.38313
135,79.72795967,2.490695859,198.578099,2049.325982,16989.42191,,17069.14987
136,45.11959231,2.42104369,109.2365042,1127.320723,17111.67291,,17156.7925
137,57.90498142,2.421851424,140.2372617,1447.248541,17228.88978,,17286.79476
138,59.81606339,2.332227378,139.5046607,1439.688098,17455.41666,,17515.23272
139,203.446843,2.401466717,488.5708221,5042.050884,17603.04033,,17806.48717
140,32.43203965,2.878986477,93.37140359,963.592885,17744.48143,,17776.91347
141,13.19244,3.862992551,50.96229745,525.9309097,17936.89446,,17950.0869
142,97.50856923,3.585784114,349.6446785,3608.333082,17914.291,,18011.79957
143,301.9135163,2.879539383,869.3718605,8971.9176,17888.9394,,18190.85292
144,93.74192713,3.528251409,330.7450864,3413.289292,18262.32944,,18356.07137
145,61.51426294,2.896881589,178.1995358,1839.019209,18456.75959,,18518.27385
146,11.53162338,1.666088719,19.21270762,198.2751426,18595.62415,,18607.15577
147,1.154679951,1.664210443,1.921630432,19.83122606,18624.81326,,18625.96794
148,9.403790154,1.687240508,15.86645568,163.7418226,18642.00537,,18651.40917
149,117.9743739,1.57028675,185.2535962,1911.817113,18587.59055,,18705.56492
150,46.61690653,5.824017406,271.497675,2801.856006,18920.83147,,18967.44838
151,236.9122774,3.941110508,933.6974659,9635.757848,18865.25948,,19102.17176
152,68.39836458,2.75900591,188.7114921,1947.502598,19162.82434,,19231.22271
153,32.73892557,1.603312527,52.4907295,541.7043284,19347.22928,,19379.9682
154,63.70141916,2.205568944,140.4978718,1449.938037,19487.11176,,19550.81318
155,26.24619655,3.051377719,80.08705937,826.4984527,19708.06684,,19734.31303
156,137.534053,3.122351536,429.4296615,4431.714107,19777.51972,,19915.05378
157,119.8079944,4.766858236,571.1077246,5893.831718,19996.69812,,20116.50611
158,62.98948233,3.757723379,236.6970504,2442.71356,20190.72756,,20253.71704
159,10.17285556,2.655165106,27.0106111,278.7495066,20322.08739,,20332.26024
160,77.59165926,3.533741725,274.1888839,2829.629282,20374.5218,,20452.11346
161,65.68810721,3.495754583,229.6295018,2369.776459,20502.90236,,20568.59046
162,3.593705357,3.830307277,13.76499578,142.0547564,20537.69952,,20541.29322
163,62.58774693,3.098203219,193.909559,2001.146649,20692.97334,,20755.56108
164,73.69013897,4.448459021,327.8075635,3382.974055,20873.77421,,20947.46435
165,100.9229395,5.661486845,571.3738944,5896.57859,21011.91922,,21112.84216
166,53.1943827,4.577159638,243.4791814,2512.705152,21212.22169,,21265.41607
167,73.92215297,7.925532795,585.8724476,6046.203659,21390.10915,,21464.03131
168,131.9447487,8.530837838,1125.599254,11616.1843,21533.47435,,21665.4191
169,7.573791669,16.1880813,122.6051553,1265.285203,21611.36102,,21618.93481
170,100.3073736,4.263461813,427.6566569,4413.416699,21783.31112,,21883.6185
171,28.48825892,2.263543039,64.48440018,665.4790099,22006.69563,,22035.18389
172,8.248555893,2.215439738,18.2741785,188.5895221,22059.66929,,22067.91784
173,83.13123569,7.052566723,586.2885864,6050.498212,22282.01925,,22365.15049
174,57.01747903,2.814524245,160.4770771,1656.123436,22424.62655,,22481.64403
175,3.041398699,3.562059816,10.83364409,111.803207,22458.16313,,22461.20453
176,3.682724221,1.787973239,6.584612354,67.95319949,22519.47895,,22523.16167
177,89.70233236,2.598813846,233.1196634,2405.794926,22594.57487,,22684.2772
178,21.99424342,1.587244667,34.91024558,360.2737344,22744.70435,,22766.69859
179,124.9987988,3.39712796,424.6369143,4382.252956,22958.05367,,23083.05247
180,17.00838291,2.562350194,43.58143326,449.7603912,23129.46533,,23146.47371
181,74.78665203,2.417895558,180.8263137,1866.127557,23251.3334,,23326.12005
182,55.82681143,2.222716191,124.0871576,1280.579466,23382.39402,,23438.22083
183,82.64306162,1.761491568,145.5750562,1502.33458,23549.09162,,23631.73468
184,59.70881884,1.738459673,103.8013737,1071.230177,23701.48586,,23761.19467
185,69.55816331,3.350234965,233.0361908,2404.933489,23825.30737,,23894.86553
186,204.0537739,2.363513409,482.2838309,4977.169135,23964.53303,,24168.58681
187,2.229288952,4.111808408,9.166409057,94.59734147,24079.63524,,24081.86453
188,57.98107037,3.959118453,229.5539256,2368.996512,24052.01416,,24109.99523
189,63.2082279,2.550130607,161.1892366,1663.472922,24315.10845,,24378.31667
190,94.8422789,7.83844718,743.4161936,7672.055118,24471.60912,,24566.4514
191,25.65959154,2.355712615,60.44662349,623.8091544,24699.45793,,24725.11753
192,203.2739753,1.755749091,356.8980974,3683.188365,24689.11462,,24892.3886
193,78.52414233,3.19513552,250.8952763,2589.239251,24975.30249,,25053.82663
194,59.56617573,1.703152292,101.4502687,1046.966773,25112.5126,,25172.07877
195,2.314083533,2.744477183,6.350949456,65.54179839,25145.58192,,25147.89601
196,80.62002483,2.55553368,206.0271887,2126.200587,25236.67218,,25317.2922
197,10.20831459,1.785797881,18.22998657,188.1334614,25379.77031,,25389.97863
198,63.60623404,1.79984969,114.4816607,1181.450738,25404.94447,,25468.5507
199,75.69620266,4.614808785,349.323501,3605.01853,25561.42818,,25637.12439
200,12.00501508,1.763830765,21.17481493,218.5240901,25691.7509,,25703.75591
201,55.30442394,2.346925489,129.7953622,1339.488138,25752.09804,,25807.40246
202,101.834479,3.375563113,343.748711,3547.486698,25880.98381,,25982.81829
203,68.47582113,2.369224276,162.2345778,1674.260843,26078.15965,,26146.63547
204,1.589703054,1.93258516,3.07223653,31.70548099,26191.8361,,26193.42581
205,16.69472921,1.964823879,32.80220259,338.5187307,26204.57771,,26221.27244
206,65.34129999,2.247868877,146.8786746,1515.787922,26263.03163,,26328.37293
207,25.39137709,1.816073281,46.1126015,475.8820475,26390.83753,,26416.22891
208,76.17946483,1.885867448,143.6643729,1482.616328,26624.24311,,26700.42258
209,108.668448,3.63065579,394.5377299,4071.629373,26778.1526,,26886.82105
210,54.77144724,2.033055853,111.3534114,1149.167206,26979.24498,,27034.01643
211,42.52920938,1.409869776,59.96064691,618.7938761,27095.87023,,27138.39944
212,38.44419552,1.54968989,59.57658112,614.8303172,27249.59044,,27288.03464
213,174.9453035,1.478518054,258.6597896,2669.369029,27235.37293,,27410.31824
214,99.7217299,2.199432027,219.3311666,2263.497639,27510.2969,,27610.01863
215,96.78410013,1.587487303,153.6435301,1585.601231,27682.23282,,27779.01692
216,89.49758433,2.976804976,266.4168544,2749.421937,27858.11075,,27947.60833
217,61.14571732,2.779171433,169.9344308,1753.723326,27991.83475,,28052.98047
218,27.17486934,2.01486442,54.75367735,565.0579503,28218.39289,,28245.56776
219,210.3845022,2.977499737,626.4197999,6464.652335,28332.67996,,28543.06446
220,64.76048012,1.620349671,104.9346226,1082.925305,28668.62137,,28733.38185
221,101.3694381,3.122046725,316.4801223,3266.074862,28828.03999,,28929.40943
222,66.87941412,1.675325258,112.0447717,1156.302044,29026.26742,,29093.14684
223,79.36077861,5.453817685,432.8192179,4466.694329,29195.05552,,29274.4163
224,52.6995365,1.659150308,87.43645223,902.344187,29344.12601,,29396.82554
225,85.22049374,2.245306637,191.3461402,1974.692167,29450.02262,,29535.24311
226,71.41581965,2.944092758,210.2547975,2169.82951,29592.62289,,29664.0387
227,124.6185487,5.235828191,652.4813102,6733.607121,29787.36464,,29911.98319
228,46.64743663,1.716657137,80.07765503,826.4013999,29990.51892,,30037.16635
229,71.71588803,2.392726035,171.5964724,1770.875595,30103.03338,,30174.74927
230,14.7890834,1.749278273,25.87022227,266.9806938,30241.08268,,30255.87177
231,6.384563633,1.732043478,11.0583418,114.1220874,30268.11101,,30274.49557
232,4.31163226,1.728625247,7.453196382,76.91698666,30293.25702,,30297.56865
233,105.6428086,2.059731751,217.5958472,2245.589143,30340.22247,,30445.86528
234,78.35024896,2.372647858,185.8975504,1918.46272,30538.88039,,30617.23063
235,62.86926115,1.907240793,119.9068195,1237.438377,30684.63302,,30747.50228
236,86.43767518,2.497385371,215.8681855,2227.759674,30861.38414,,30947.82182
237,27.31680012,1.538768411,42.03422912,433.7932445,31000.60708,,31027.92388
238,58.32734873,2.318527668,135.2335718,1395.610461,31135.87692,,31194.20427
239,126.9826566,2.257853791,286.7082725,2958.829372,31256.38681,,31383.36947
240,86.84159877,2.174579728,188.8439802,1948.869876,31549.6909,,31636.53249
241,101.8012605,2.463484181,250.7857949,2588.109403,31704.29161,,31806.09287
242,19.39661096,2.470167638,47.91288069,494.4609287,31830.56693,,31849.96354
243,75.05144506,2.396926873,179.8928255,1856.493959,31959.6934,,32034.74485
244,11.49658645,1.495731962,17.1958118,177.4607778,32090.5577,,32102.05428
245,2.19277718,1.239653783,2.718284527,28.05269632,32151.59394,,32153.78671
246,26.7642435,2.152735194,57.61632893,594.6005146,32243.95482,,32270.71907
247,92.18887969,3.251555412,299.7572507,3093.494827,32327.47089,,32419.65977
248,17.66690483,1.580204918,27.91732989,288.1068445,32474.94621,,32492.61311
249,1.180039591,1.385489782,1.634932795,16.87250644,32529.5,,32530.68004
250,28.33766439,1.426453495,40.42236041,417.1587594,32558.32929,,32586.66696
251,16.05536293,4.020364609,64.54841292,666.1396213,32715.88949,,32731.94485
252,172.1616664,2.736854221,471.1813833,4862.591876,32670.01511,,32842.17677
253,71.35922157,3.214407924,229.3776472,2367.177319,32917.57005,,32988.92928
254,56.07225817,1.574701799,88.29708583,911.2259258,33054.40043,,33110.47268
255,6.639727524,1.83502507,12.18406646,125.7395659,33083.11302,,33089.75274
256,10.93761004,1.480938435,16.1979271,167.1626077,33156.59198,,33167.52959
257,81.24388713,1.4097328,114.5321725,1181.97202,33140.95268,,33222.19657
258,1.243038374,1.405873307,1.747554469,18.03476212,33228.25696,,33229.5
259,2.124022742,1.405879828,2.986120727,30.8167659,33230.20076,,33232.32478
260,97.59457123,1.648652966,160.8995793,1660.483658,33458.90045,,33556.49503
261,97.15897457,2.409859681,234.1394955,2416.319594,33668.96493,,33766.12391
262,9.152628885,1.60119909,14.65518104,151.2414683,33821.36036,,33830.51299
263,60.23205976,1.799202911,108.3696972,1118.375275,33884.05066,,33944.28272
264,58.94386982,1.790288325,105.526522,1089.033707,34005.29462,,34064.23849
265,1.079038782,1.562910829,1.686441396,17.40407521,34164.42096,,34165.5
266,62.41696758,1.420588025,88.66879669,915.0619818,34136.24267,,34198.65963
267,100.0610741,2.973414854,297.5230841,3070.438228,34363.23944,,34463.30051
268,71.22547385,1.972455441,140.4890734,1449.847237,34522.04359,,34593.26906
269,38.91435124,2.052447996,79.86968224,824.2551207,34635.24268,,34674.15703
270,71.82850452,4.356062173,312.8894315,3229.018933,34773.28728,,34845.11579
271,49.68243065,1.709481107,84.93117656,876.4897421,34914.44315,,34964.12558
272,13.10647829,1.75822981,23.04420083,237.8161526,34939.76983,,34952.87631
273,55.3420352,1.648337118,91.22233082,941.4144541,34986.9342,,35042.27624
274,177.9139131,1.896986066,337.500214,3483.002208,35163.27922,,35341.19314
275,31.97971577,2.151302899,68.79805523,709.99593,35281.83262,,35313.81234
276,146.0622252,1.772811794,258.9408354,2672.269421,35410.94734,,35557.00956
277,59.60236585,1.935440934,115.3568586,1190.482781,35680.84648,,35740.44884
278,6.727995202,1.795641666,12.08106851,124.676627,35816.19409,,35822.92209
279,15.10798258,1.813789057,27.40269347,282.7957966,35852.65463,,35867.76261
280,115.71588,1.757758401,203.4005602,2099.093781,35807.0675,,35922.78338
281,39.46058501,2.064103357,81.45072599,840.5714922,36015.55933,,36055.01992
282,46.75598885,2.180092403,101.9323761,1051.942121,36120.68092,,36167.43691
283,69.73715426,4.699272001,327.7138564,3382.006998,36227.46486,,36297.20201
284,69.23940211,24.66267179,1707.628649,17622.72766,36371.6506,,36440.89
285,49.47488017,3.605173239,178.365514,1840.732104,36518.04336,,36567.51824
286,33.94772597,1.758565118,59.69928672,616.096639,36593.29467,,36627.24239
287,5.805616397,1.535066186,8.912005421,91.97189594,36635.58088,,36641.3865
288,106.8181941,2.697332648,288.1242023,2973.441768,36683.91396,,36790.73215
289,17.80973667,1.769839198,31.52037007,325.2902191,36826.99464,,36844.80437
290,21.28665816,2.106603596,44.84255062,462.7751224,36922.43382,,36943.72048
291,74.07837918,3.968871201,294.0075458,3034.157873,37004.16947,,37078.24785
292,64.73901693,3.00812912,194.743322,2009.751083,37143.91343,,37208.65245
293,57.34778157,1.67402581,96.00166651,990.7371984,37277.26049,,37334.60827
294,5.812713985,2.03891032,11.85160253,122.3085381,37306.37279,,37312.1855
295,10.06011703,1.303090264,13.10924056,135.2873626,37360.92806,,37370.98818
296,18.85613083,1.471985956,27.75595977,286.4415048,37411.42991,,37430.28605
297,63.71138147,2.164158213,137.8815094,1422.937177,37503.89972,,37567.6111
298,112.6834026,9.340342576,1052.501583,10861.81634,37656.80051,,37769.48392
299,27.33622568,2.997110522,81.92968959,845.5143966,37882.2782,,37909.61442
300,3.580561108,3.88495579,13.91032161,143.554519,37993.39936,,37996.97992
301,184.062911,6.670472177,1227.786527,12670.75696,38110.91245,,38294.97536
302,42.86274691,2.296649472,98.44070506,1015.908076,38383.18595,,38426.0487
303,65.19990771,2.246883419,146.4965915,1511.844824,38461.4446,,38526.6445
304,40.30244655,2.017491052,81.30982529,839.117397,38637.33461,,38677.63706
305,59.14593485,2.545122329,150.5336395,1553.50716,38757.32076,,38816.4667
306,93.13970891,2.512037944,233.9704829,2414.575384,38900.47511,,38993.61482
307,105.0122855,7.82178298,821.3833077,8476.675735,39087.72598,,39192.73826
308,46.96458083,2.234059513,104.9216686,1082.79162,39271.80782,,39318.7724
309,157.3213708,1.801785729,283.4594008,2925.301016,39383.42708,,39540.74845
310,14.91276327,2.076853717,30.97162784,319.6271993,39438.5402,,39453.45296
311,0.516052699,2.03249955,1.048876879,10.82440939,39469.5,,39470.01605
312,4.716323425,2.017758327,9.516400862,98.2092569,39482.55441,,39487.27074
313,221.0263756,2.548239267,563.2280892,5812.513881,39803.82028,,40024.84666
314,34.23037904,4.548759162,155.7057503,1606.883343,39954.2923,,39988.52268
315,60.03300333,1.51253323,90.80191242,937.0757362,40094.48775,,40154.52075
316,95.20739975,1.510105502,143.7732182,1483.739612,40239.42116,,40334.62856
317,120.839527,2.119357099,256.1021093,2642.973768,40411.35813,,40532.19766
318,95.32662533,2.564739809,244.4879909,2523.116066,40638.59971,,40733.92634
319,17.81764728,1.552212491,27.65677466,285.4179145,40829.23358,,40847.05123
320,76.61282654,2.401697031,184.0007981,1898.888236,40896.63302,,40973.24584
321,70.10182682,4.173635589,292.5794793,3019.420226,41048.27518,,41118.37701
322,5.429885852,1.56125242,8.477422427,87.48699945,41191.52494,,41196.95483
323,70.63362845,2.317173791,163.6703926,1689.078452,41227.05469,,41297.68832
324,71.13025033,4.455160848,316.8967063,3270.374009,41363.71624,,41434.84649
325,55.9060859,1.456945631,81.45212762,840.585957,41499.88569,,41555.79178
326,5.027610009,2.412066499,12.12692967,125.1499142,41530.06992,,41535.09753
327,75.37669339,3.035167516,228.7808913,2361.018798,41619.19174,,41694.56843
328,105.1161817,2.448352905,257.3615089,2655.970772,41757.39742,,41862.5136
329,80.0605035,4.979906217,398.6937991,4114.520007,41932.90185,,42012.96235
330,62.44949932,4.265798555,266.3969839,2749.216874,42076.07213,,42138.52163
331,34.15577767,1.775591122,60.6466956,625.8738986,42201.25991,,42235.41569
332,100.6844337,5.758872543,579.8288207,5983.83343,42318.53632,,42419.22076
333,14.79380603,4.216341141,62.37573299,643.7175645,42457.84584,,42472.63965
334,4.029551859,2.533462574,10.20871882,105.3539782,42541.2322,,42545.26175
335,83.25726801,2.338303914,194.6807956,2009.105811,42653.28407,,42736.54134
336,95.18209635,1.866842822,177.6900134,1833.760938,42868.53168,,42963.71378
337,63.66017295,2.03331801,129.4413762,1335.835002,43027.82922,,43091.4894
338,77.42619637,2.452387708,189.8790522,1959.551819,43155.22283,,43232.64902
339,97.06042171,2.738349403,265.7853478,2742.904789,43353.42141,,43450.48183
340,133.8032052,4.928251149,659.4157998,6805.171054,43618.23298,,43752.03618
341,5.295518683,2.16056191,11.44129596,118.0741743,43836.61148,,43841.907
342,5.935545361,2.139525279,12.69924934,131.0562532,43859.67186,,43865.6074
343,32.6707163,2.289367958,74.79529107,771.8874038,43885.72095,,43918.39167
344,62.19414947,1.901552467,118.2654384,1220.499324,44041.95255,,44104.1467
345,71.94563611,5.088399075,366.0881083,3778.029278,44176.99149,,44248.93712
346,79.81466919,3.130925488,249.8937821,2578.903831,44313.63931,,44393.45398
347,9.090956813,2.251125142,20.46488144,211.1975765,44443.6177,,44452.70865
348,46.09988866,2.411621686,111.1754912,1147.331069,44498.1266,,44544.22649
349,73.45342529,4.915907488,361.0902434,3726.451312,44629.29815,,44702.75157
350,59.78819863,1.930479697,115.4199036,1191.133405,44761.65047,,44821.43867
351,3.770330544,2.768000684,10.43627752,107.702384,44794.3872,,44798.15753
352,58.14376425,1.446263766,84.09121946,867.8213848,44879.9327,,44938.07646
353,148.1008414,2.836141422,420.034931,4334.760488,45019.63935,,45167.74019
354,4.409449048,4.942003245,21.7915115,224.8883987,45098.70735,,45103.1168
355,71.80067887,4.124812208,296.1643167,3056.415748,45268.98226,,45340.78293
356,7.11383272,1.92604394,13.7015544,141.4000414,45416.40802,,45423.52186
357,137.5279559,1.618995996,222.65721,2297.822407,45408.78614,,45546.3141
358,36.92488777,1.820918645,67.23721662,693.8880755,45488.88095,,45525.80583
359,101.0265587,1.945252244,196.5221402,2028.108487,45658.60953,,45759.63609
360,55.64957993,1.705340512,94.90148312,979.3833058,45852.10559,,45907.75517
361,92.71907509,1.7672231,163.8552913,1690.986606,45957.2411,,46049.96018
362,44.1928694,2.339244097,103.3779089,1066.86002,46097.90637,,46142.09924
363,67.295447,9.121736582,613.8513407,6334.945836,46231.23125,,46298.5267
364,1.769530067,12.47477882,22.07449619,227.8088007,46425.61502,,46427.38455
365,125.3042721,6.516073329,816.4918254,8426.195638,46369.86899,,46495.17326
366,63.39611688,4.297650876,272.4543773,2811.729174,46552.71577,,46616.11189
367,43.52157097,1.870598061,81.41136626,840.1652998,46681.67316,,46725.19473
368,68.5408815,2.355429532,161.4432164,1666.093993,46797.5548,,46866.09568
369,53.53035525,1.925166538,103.0548487,1063.526039,46943.8005,,46997.33086
370,76.21136378,2.24263783,170.9144875,1763.837511,47057.99241,,47134.20377
371,58.00381999,2.383056038,138.2263534,1426.495967,47189.73645,,47247.74027
372,92.94756052,3.791057586,352.3695544,3636.453801,47348.76043,,47441.708
373,102.7018313,5.64999541,580.2648753,5988.333513,47521.75047,,47624.4523
374,55.28591979,3.190826084,176.4077549,1820.528031,47704.93337,,47760.21929
375,71.5957157,5.428316332,388.6441928,4010.80807,47823.42992,,47895.02564
376,102.6198442,14.7955804,1518.320155,15669.064,47987.83711,,48090.45695
377,47.85826914,3.454978694,165.3493002,1706.404778,48166.89108,,48214.74935
378,53.78366958,2.522667074,135.6782924,1400.199978,48279.67958,,48333.46325
379,198.6184725,2.88356713,572.7296987,5910.570491,48450.20745,,48648.82592
380,19.01460229,4.619418904,87.83641327,906.4717849,48590.71103,,48609.72563
381,118.1719754,3.955011903,467.3715693,4823.274595,48735.80907,,48853.98105
382,153.399702,2.325682978,356.7590758,3681.753662,48925.02387,,49078.42357
383,25.90232,2.559746726,66.30337884,684.2508696,49044.68908,,49070.5914
384,120.5065858,3.571412469,430.3787232,4441.508423,49172.88702,,49293.39361
385,74.95882034,2.296257074,172.1247214,1776.327125,49425.11811,,49500.07693
386,52.08258775,2.248316196,117.0981256,1208.452656,49567.23304,,49619.31563
387,117.4409293,3.399583729,399.2502722,4120.262809,49686.59708,,49804.03801
388,72.73101586,6.995374268,508.7806768,5250.616585,49879.31695,,49952.04796
389,36.95282925,2.697587868,99.68350388,1028.73376,50013.42563,,50050.37846
390,2.514665116,2.752471117,6.9215431,71.43032479,50043.82235,,50046.33702
391,95.09910806,3.132409421,297.889342,3074.218009,50106.73375,,50201.83286
392,65.98777511,2.912651201,192.1993724,1983.497523,50316.68037,,50382.66815
393,104.913957,8.023045056,841.7294043,8686.647452,50453.2023,,50558.11626
394,55.01505447,2.579416941,141.9067635,1464.477799,50655.72889,,50710.74395
395,99.61459633,6.458009341,643.3119936,6638.979774,50811.02303,,50910.63763
396,62.19898697,1.436039756,89.32021808,921.7846506,50969.07435,,51031.27334
397,6.541670314,2.198903855,14.38450407,148.448082,51002.8667,,51009.40837
398,65.60426807,1.558736941,102.2597961,1055.321096,51076.25858,,51141.86285
399,75.32533293,4.886928961,368.109551,3798.890566,51220.55387,,51295.8792
400,9.701507663,1.381492696,13.40256198,138.3144396,51363.60492,,51373.30642
401,83.32811291,2.569427069,214.1055089,2209.568852,51416.39195,,51499.72007
402,69.46449769,7.577179508,526.3449684,5431.880074,51607.12249,,51676.58698
403,60.38367863,4.053830409,244.7851926,2526.183188,51735.15755,,51795.54123
404,97.59755096,2.080738006,203.0749336,2095.733315,51876.80677,,51974.40432
405,9.071421059,2.27129368,20.60386132,212.6318488,51949.04986,,51958.12128
406,85.5137113,2.610766257,223.256312,2304.00514,52045.85728,,52131.37099
407,89.83644894,2.322442987,208.6400308,2153.165118,52232.079,,52321.91545
408,38.17111818,2.133207794,81.4269268,840.3258846,52371.80271,,52409.97383
409,82.06380558,8.501774374,697.6879593,7200.13974,52496.53577,,52578.59958
410,25.85622381,1.956677791,50.59229887,522.1125243,52633.923,,52659.77922
411,26.92801956,2.246314563,60.48880249,624.2444417,52728.57608,,52755.5041
412,140.3843408,3.506010122,492.1889197,5079.389651,52841.86471,,52982.24905
413,125.566146,3.311143624,415.7675436,4290.72105,53090.87273,,53216.43888
414,4.001023502,5.470633359,21.88813264,225.8855288,53162.15653,,53166.15756
415,113.4240372,6.226312416,706.213491,7288.123227,53336.90731,,53450.33134
416,100.9915562,2.473303734,249.7827931,2577.758425,53551.57007,,53652.56163
417,22.37175369,2.644038769,59.15178408,610.4464117,53615.25258,,53637.62434
418,28.43943598,3.307609999,94.06656281,970.7669282,53813.96343,,53842.40287
419,88.64475383,3.969917663,351.9123739,3631.735699,53889.60032,,53978.24507
420,46.62564965,2.593643174,120.930298,1248.000675,54053.14974,,54099.77539
421,86.76422817,3.52149987,305.5402182,3153.175052,54152.13983,,54238.90406
422,106.087061,1.775029786,188.3076931,1943.335393,54297.76006,,54403.84712
423,12.20570928,1.995626627,24.35803845,251.3749568,54331.59641,,54343.80212
424,15.28742949,1.839330098,28.11862917,290.184253,54381.29505,,54396.58248
425,163.7219315,4.571058597,748.3825424,7723.307838,54515.18775,,54678.90969
426,84.84094991,7.812846613,662.8493282,6840.605067,54785.75403,,54870.59498
427,76.64300914,5.844087225,447.9084306,4622.415004,54923.83844,,55000.48145
428,65.902582,2.619186432,172.6111486,1781.347054,55075.21667,,55141.11925
429,15.25559077,2.620964927,39.98436835,412.6386814,55151.04426,,55166.29985
430,109.8084366,1.925153119,211.3980542,2181.627919,55262.88197,,55372.69041
431,86.82633095,7.347098492,637.9216052,6583.350966,55618.22822,,55705.05455
432,49.18204268,2.551744294,125.4999968,1295.159967,55781.76005,,55830.9421
433,4.159990319,1.48702761,6.186020461,63.83973116,55863.44556,,55867.60555
434,25.07348465,1.798921475,45.10522999,465.4859735,55898.55872,,55923.6322
435,7.204430848,1.683197004,12.12647642,125.1452367,55956.90355,,55964.10798
436,1.587004999,1.675661254,2.659282787,27.44379836,55971.913,,55973.5
437,1.989118079,1.687643433,3.356922065,34.64343571,55983.77778,,55985.7669
438,65.2593792,1.668663718,108.8959584,1123.806291,55954.51693,,56019.77631
439,8.858413567,1.625747697,14.40154545,148.623949,56050.56764,,56059.42606
440,136.8860619,1.989074138,272.2765257,2809.893745,56135.94942,,56272.83548
441,95.76841692,2.073482167,198.5741047,2049.284761,56348.52175,,56444.29016
442,116.9422041,2.62723259,307.2343699,3170.658697,56552.00874,,56668.95094
443,100.508994,2.631418969,264.4812733,2729.44674,56812.80922,,56913.31822
444,114.9511015,5.496299594,631.8056928,6520.23475,56984.20711,,57099.15821
445,53.97363451,2.784086389,150.2672612,1550.758136,57187.27445,,57241.24808
446,54.74588065,1.924675291,105.3680438,1087.398212,57306.87567,,57361.62155
447,0.763369086,1.588076182,1.212288263,12.51081487,57390.5,,57391.26337
448,0.514379195,1.582506563,0.814008452,8.400567225,57397.5,,57398.01438
449,5.818123364,1.579910297,9.192113009,94.86260625,57412.61254,,57418.43066
450,68.05405155,1.835505214,124.9135665,1289.108006,57485.70213,,57553.75618
451,75.38774169,2.215254412,167.0030274,1723.471243,57614.45611,,57689.84385
452,59.56004036,1.824355559,108.6586907,1121.357688,57755.81866,,57815.3787
453,148.6669002,1.854859737,275.7562474,2845.804473,57910.78737,,58059.45427
454,71.65186281,3.302552645,236.6340491,2442.063387,58132.53807,,58204.18993
455,70.04185597,3.351846768,234.7695685,2422.821947,58264.04171,,58334.08357
456,108.7178964,3.664273859,398.3721459,4111.200546,58552.14253,,58660.86043
457,6.197064678,1.179756664,7.311028353,75.4498126,58725.65162,,58731.84868
458,69.67167085,3.026325217,210.8491344,2175.963067,58787.39594,,58857.06761
459,123.3931368,3.769636039,465.1472156,4800.319265,58967.56697,,59090.96011
460,143.9516305,2.743948891,394.9959169,4076.357862,59169.45932,,59313.41095
461,15.1284893,3.844391313,58.15983283,600.2094748,59245.4607,,59260.58919
462,24.9333219,2.460793319,61.35575196,633.1913602,59347.35779,,59372.29111
463,74.47373203,2.869336342,213.6901858,2205.282717,59477.2363,,59551.71003
464,114.3565612,1.767153301,202.0855746,2085.52313,59610.822,,59725.17856
465,7.191915856,1.887687547,13.57609,140.1052488,59643.81578,,59651.0077
466,25.22290595,1.822787489,45.9759974,474.4722932,59694.48845,,59719.71135
467,72.76469782,2.309363875,168.0401645,1734.174498,59794.80968,,59867.57438
468,31.99411893,1.516927538,48.53276005,500.8580837,59928.1265,,59960.12062
469,106.0933201,3.716690603,394.316046,4069.341595,60075.38124,,60181.47456
470,57.29105219,1.408877094,80.71605113,832.9896477,60250.26629,,60307.55735
471,80.82485126,3.417153195,276.1908987,2850.290075,60371.85086,,60452.67571
472,25.35311506,1.769072398,44.85149607,462.8674394,60505.57063,,60530.92375
473,21.79551565,1.368343592,29.82375418,307.7811431,60590.42963,,60612.22514
474,62.19509013,0.783644647,48.73884945,502.9849263,60694.7811,,60756.97619
475,2.641509897,0.940081164,2.483233698,25.62697176,60729.53478,,60732.17629
476,6.976963769,0.509035077,3.551519291,36.65167908,60837.49225,,60844.46921
477,100.1715333,0.839804406,84.12449498,868.1647882,60927.79942,,61027.97095
478,56.70978593,0.917356811,52.02310837,536.8784784,61153.05233,,61209.76211
479,54.46872287,0.897773077,48.90055292,504.6537061,61274.63477,,61329.10349
480,112.005989,1.177731915,131.9130279,1361.342448,61388.59245,,61500.59844
481,54.05102835,1.263950219,68.3178091,705.0397899,61585.83746,,61639.88849
482,72.09822819,2.171058639,156.5294812,1615.384246,61717.9381,,61790.03633
483,51.30507407,0.967279025,49.62632202,512.1436432,61857.12379,,61908.42886
484,7.939001901,1.087185332,8.631166415,89.0736374,61883.30756,,61891.24656
485,93.54947504,0.84936923,79.45804554,820.00703,61930.43927,,62023.98875
486,74.09266747,2.326728292,172.3935057,1779.100979,62103.54939,,62177.64205
487,52.57645041,1.211572689,63.70019139,657.3859751,62232.3744,,62284.95086
488,10.99452569,0.893375258,9.822237229,101.3654882,62337.80593,,62348.80046
489,67.74847879,1.331857654,90.23133005,931.1873261,62410.25359,,62478.00207
490,120.2173871,1.439626013,173.0680777,1786.062562,62557.50883,,62677.72621
491,50.87247765,0.985695238,50.14475896,517.4939125,62755.5403,,62806.41278
492,5.660622406,0.759107335,4.29701999,44.3452463,62836.60479,,62842.26542
493,45.31325104,1.023167864,46.36306226,478.4668025,62885.7899,,62931.10315
494,96.88492339,1.000343325,96.91818644,1000.195684,62951.5402,,63048.42512
495,75.22227183,3.345526533,251.6581063,2597.111657,63124.41159,,63199.63386
496,69.18019727,2.843712981,196.728625,2030.23941,63318.62472,,63387.80491
497,60.82015655,1.322960571,80.46266902,830.3747443,63450.01364,,63510.8338
498,5.197744681,1.901747445,9.884797668,102.0111119,63482.28825,,63487.48599
499,269.0597218,1.32453391,356.3787253,3677.828445,63576.53921,,63845.59894
500,56.69652268,1.67873655,95.17852487,982.2423767,63764.65615,,63821.35267
501,74.73110868,2.256574622,168.6363233,1740.326856,63960.67114,,64035.40225
502,1.313319566,1.367275951,1.795670258,18.53131706,64079.61159,,64080.92491
503,14.02845363,1.387254196,19.46103116,200.8378416,64090.12704,,64104.15549
504,66.38149017,2.193825983,145.6294379,1502.895799,64218.06629,,64284.44778
505,1.560641824,2.06693484,3.225744957,33.28968796,64371.42132,,64372.98196
506,52.1221745,1.970797347,102.7222432,1060.09355,64351.70705,,64403.82923
507,42.66150368,2.515640221,107.3209945,1107.552663,64483.22296,,64525.88447
508,82.41029701,3.913387483,322.5034248,3328.235344,64582.75949,,64665.16979
509,61.58003784,2.58604034,159.248462,1643.444128,64731.82681,,64793.40685
510,17.73598589,1.5681527,27.81273415,287.0274164,64865.31736,,64883.05334
511,2.430319676,1.542177937,3.747985383,38.67920915,64892.60901,,64895.03933
512,9.593622144,1.529084272,14.66945674,151.3887936,64911.31554,,64920.90916
513,391.0358084,1.670456508,653.2083109,6741.109768,64959.39062,,65350.42643
514,56.64373212,1.964891362,111.2987799,1148.603409,65239.36547,,65296.00921
515,105.2718972,1.488886352,156.737891,1617.535035,65439.72623,,65544.99812
516,31.63309128,1.740594475,55.06038392,568.2231621,65644.50813,,65676.14122
517,83.00069007,4.21714908,350.0262838,3612.271249,65735.51552,,65818.51621
518,50.25890119,1.631779988,82.0114692,846.3583621,65891.96362,,65942.22252
519,71.9408366,1.663475404,119.6718122,1235.013102,66000.85969,,66072.80053
520,1.548253752,1.534099349,2.375175074,24.51180676,66163.95175,,66165.5
521,60.42912336,1.379459428,83.35952397,860.2702874,66136.28591,,66196.71503
522,134.2456894,1.702736866,228.5850845,2358.998072,66296.54598,,66430.79167
523,34.24476338,1.313714085,44.987828,464.274385,66612.96077,,66647.20553
524,122.8229333,1.549777339,190.3481987,1964.393411,66774.94263,,66897.76556
525,112.866202,2.271729028,256.4014274,2646.062731,67063.668,,67176.5342
526,42.04416061,1.869265917,78.59171644,811.0665137,67225.00708,,67267.05125
527,71.40519032,1.398694431,99.87404204,1030.700114,67416.98006,,67488.38525
528,44.43482228,1.403350435,62.35762718,643.5307125,67540.0358,,67584.47062
529,77.71936845,2.444206119,189.9621559,1960.409449,67667.74192,,67745.46128
530,23.14025347,1.515968402,35.07989307,362.0244965,67801.32487,,67824.46512
531,19.23361549,1.278742664,24.5948447,253.8187973,67900.03217,,67919.26578
532,118.6323966,1.460083365,173.2131888,1787.560108,67990.57893,,68109.21133
533,65.73668781,1.561032876,102.6171309,1059.008791,68181.44087,,68247.17756
534,58.89053638,1.564726573,92.1475872,950.9630999,68316.0094,,68374.89994
535,173.7174447,1.519979431,264.0469428,2724.96445,68436.82019,,68610.53764
536,32.98881803,1.538400312,50.75000794,523.7400819,68626.92184,,68659.91066
537,51.01349457,1.655117958,84.43335095,871.3521818,68770.75209,,68821.76558
538,174.6710437,1.971683833,344.3960729,3554.167472,68891.38521,,69066.05626
539,69.79097954,2.293403289,160.058862,1651.807456,69143.40546,,69213.19644
540,25.67289032,1.320356123,33.89735794,349.8207339,69276.04608,,69301.71897
541,33.74058805,1.301310247,43.90697296,453.1199609,69362.46342,,69396.20401
542,26.70448181,1.456935919,38.90671876,401.5173376,69488.06057,,69514.76505
543,86.47553194,2.397694308,207.3418907,2139.768312,69575.11021,,69661.58574
544,71.08131317,1.899962583,135.0518354,1393.734941,69779.94874,,69851.03005
545,64.16217144,1.749029648,112.2215401,1158.126294,69914.78326,,69978.94543
546,134.5583443,1.861928676,250.5380398,2585.552571,70100.07449,,70234.63283
547,61.25061275,1.79335552,109.8441245,1133.591365,70297.23477,,70358.48538
548,2.552466959,1.317296972,3.362356996,34.6995242,70440.5067,,70443.05917
549,63.4006581,1.552463349,98.427198,1015.768683,70481.17532,,70544.57597
550,120.707991,2.301613001,277.8230814,2867.1342,70636.93416,,70757.64215
551,56.62541891,2.36372978,133.847189,1381.30299,70806.70248,,70863.3279
552,50.8612646,1.371302099,69.74615891,719.78036,70948.13893,,70999.00019
553,48.42756262,1.418170276,68.67852985,708.7624281,71066.55355,,71114.98111
554,116.0044874,1.519569181,176.2768438,1819.177028,71196.316,,71312.32049
555,36.13930949,3.721575836,134.4951809,1387.990267,71426.66933,,71462.80864
