,CO2_HW,CO2_ p_h,CO2_ p_Area ,CO2 (mg/m3),CO2 (ug/m3),CO2_EF,,acutal T1,, Actual time
0,126.2472727,368.9026342,46572.95147,83812.2644,83812264.4,264288007.1,230.9647207,,357.2119935,
1,38.52662882,367.8846082,14173.35375,25506.23987,25506239.87,80429676.4,406.5587501,,445.0853789,
2,113.538243,367.9103783,41771.89794,75172.33167,75172331.67,237043419.2,541.2379695,,654.7762125,
3,69.1303481,376.3056012,26014.1372,46814.80723,46814807.23,147622692.1,798.2370717,,867.3674198,
4,11.33962865,373.3326623,4233.453754,7618.485284,7618485.284,24023623.59,928.7336477,,940.0732764,
5,31.21521876,377.482472,11783.19794,21204.937,21204937,66866234.66,1015.272093,,1046.487312,
6,369.3066906,375.4277394,138647.976,249509.65,249509650,786787096.4,986.9570971,,1356.263788,
7,72.55216376,377.484424,27387.31175,49285.9598,49285959.8,155415059.9,1499.715378,,1572.267542,
8,45.57193495,375.8352979,17127.54175,30822.57002,30822570.02,97193837.45,1623.523741,,1669.095676,
9,80.78799154,378.0492237,30541.83749,54962.81593,54962815.93,173316079.6,1795.05246,,1875.840452,
10,6.12655555,382.9353305,2346.074574,4221.974694,4221974.694,13313293.54,2013.056829,,2019.183384,
11,126.6616177,376.3694093,47671.55825,85789.30728,85789307.28,270522282.3,1946.780138,,2073.441756,
12,34.26290264,379.8567663,13014.9954,23421.66862,23421668.62,73856328.37,2164.954037,,2199.21694,
13,193.1623648,376.8942387,72801.78242,131013.4326,131013432.6,413129024.1,2144.340011,,2337.502375,
14,13.71809327,372.9458825,5116.106399,9206.899041,9206899.041,29032421.64,2396.941091,,2410.659184,
15,4.176517488,372.7426217,1556.766078,2801.542226,2801542.226,8834196.487,2428.511873,,2432.688391,
16,74.15476898,373.8432627,27722.26078,49888.73105,49888731.05,157315798.6,2495.511067,,2569.665836,
17,62.20751317,372.1572714,23150.97836,41662.29235,41662292.35,131375095.2,2647.755753,,2709.963266,
18,131.2114575,376.7702952,49436.57956,88965.62375,88965623.75,280538266.9,2829.41461,,2960.626068,
19,67.85125569,374.9444094,25440.44899,45782.40309,45782403.09,144367177.7,3035.942109,,3103.793365,
20,12.69527885,368.5844303,4679.282122,8420.794002,8420794.002,26553570.42,3163.064059,,3175.759338,
21,109.9425654,369.6718583,40642.67245,73140.18765,73140187.65,230635391.7,3265.012447,,3374.955013,
22,77.00099677,372.3595714,28672.05816,51597.97787,51597977.87,162705623.6,3474.105596,,3551.106593,
23,55.0314329,373.1982307,20537.63339,36959.34025,36959340.25,116545119.6,3614.934664,,3669.966097,
24,75.30693856,372.4935564,28051.34937,50480.95592,50480955.92,159183281,3720.702433,,3796.009371,
25,59.78444058,370.404406,22144.4202,39850.89933,39850899.33,125663169.2,3863.477951,,3923.262391,
26,1.061965104,371.8928003,394.9371762,710.7253886,710725.3886,2241154.059,3897.03114,,3898.093106,
27,93.93281361,376.7786885,35391.88232,63690.91297,63690912.97,200838678.9,4100.280344,,4194.213157,
28,30.86820209,369.892192,11417.90693,20547.56258,20547562.58,64793314,4247.805144,,4278.673346,
29,59.20558261,363.6464647,21529.90081,38745.01577,38745015.77,122175949.7,4378.318831,,4437.524414,
30,86.87260992,375.6502284,32633.71576,58727.34124,58727341.24,185186882.7,4613.690109,,4700.562719,
31,52.80026337,368.973134,19481.87865,35059.41352,35059413.52,110554017.3,4766.196229,,4818.996492,
32,7.301124807,369.7127774,2699.31913,4857.670419,4857670.419,15317854.05,4794.833177,,4802.134302,
33,89.47104705,371.269262,33217.84961,59778.54326,59778543.26,188501673.1,4879.567563,,4969.03861,
34,5.813494509,370.5323883,2154.088005,3876.477391,3876477.391,12223825.37,5031.787857,,5037.601351,
35,78.23389433,370.5662375,28990.83987,52171.65457,52171654.57,164514617.4,5049.491581,,5127.725476,
36,89.93182474,383.0934499,34452.293,62000.03647,62000036.47,195506781.7,5305.739869,,5395.671694,
37,736.831123,374.2795137,275780.7944,496292.6361,496292636.1,1564976112,5235.331927,,5972.16305,
38,18.46101264,380.0896268,7016.839403,12627.44105,12627441.05,39818530.79,5593.308876,,5611.769889,
39,2.04488373,377.7462555,772.4471721,1390.08898,1390088.98,4383413.918,5685.5,,5687.544884,
40,41.26268968,377.9945658,15597.07247,28068.35128,28068351.28,88508867.69,5716.815661,,5758.07835,
41,62.52542934,376.2344411,23524.21997,42333.97458,42333974.58,133493133.2,5894.868479,,5957.393908,
42,67.65484994,377.9510298,25570.22021,46015.9382,46015938.2,145103591.8,6049.729798,,6117.384648,
43,112.6227041,379.0271458,42687.06207,76819.2528,76819252.8,242236710.5,6225.049776,,6337.672481,
44,93.34333246,378.9611194,35373.49376,63657.82108,63657821.08,200734329.1,6450.363558,,6543.70689,
45,54.90643185,375.044961,20592.38059,37057.86282,37057862.82,116855794.1,6617.164579,,6672.071011,
46,5.687646008,375.3264025,2134.723715,3841.629589,3841629.589,12113938.64,6650.405495,,6656.093141,
47,140.2471977,378.4697847,53079.32672,95521.07876,95521078.76,301209801.7,6815.182515,,6955.429713,
48,90.79836865,368.2215425,33433.91536,60167.37324,60167373.24,189727783.6,7428.349708,,7519.148077,
49,16.90089709,368.2814731,6224.287276,11201.17138,11201171.38,35321027.07,7614.40909,,7631.309987,
50,302.1561679,368.58944,111371.5727,200423.2801,200423280.1,632001410.1,7674.795952,,7976.95212,
51,41.6188321,370.0022587,15399.06188,27712.0132,27712013.2,87385214.95,7895.484804,,7937.103636,
52,144.3267844,368.7254001,53216.95134,95768.74679,95768746.79,301990781.5,8115.663135,,8259.98992,
53,110.6097568,368.9136794,40805.45235,73433.12489,73433124.89,231559120.5,8338.861759,,8449.471516,
54,25.08680848,369.0713373,9258.821952,16662.09267,16662092.67,52541132.23,8472.688005,,8497.774813,
55,2.914564928,368.3703793,1073.639388,1932.111782,1932111.782,6092592.486,8556.646637,,8559.561202,
56,33.48701888,364.6830074,12212.14676,21976.86942,21976869.42,69300394.9,8727.422345,,8760.909364,
57,93.64895034,356.4231874,33378.65737,60067.93147,60067931.47,189414210.6,8931.70923,,9025.358181,
58,20.68969199,352.9140967,7301.683962,13140.04476,13140044.76,41434941.14,9118.496014,,9139.185706,
59,9.936485083,352.9103316,3506.688246,6310.604614,6310604.614,19899439.88,9147.741293,,9157.677778,
60,69.16904799,353.8321123,24474.23036,44043.60473,44043604.73,138884166.9,9223.077053,,9292.246101,
61,50.56821188,350.8282316,17740.75635,31926.10549,31926105.49,100673652.7,9368.398279,,9418.966491,
62,2.508388921,349.8424036,877.5408093,1579.214544,1579214.544,4979789.863,9515.863428,,9518.371817,
63,119.4343109,350.8394017,41902.26218,75406.93399,75406933.99,237783198.5,9642.43933,,9761.873641,
64,52.85397925,351.208437,18562.76344,33405.38206,33405382.06,105338304.8,9812.515592,,9865.369571,
65,58.74842588,349.7592165,20547.80341,36977.64212,36977642.12,116602831.5,9942.492002,,10001.24043,
66,110.3461551,351.6586337,38804.17814,69831.64982,69831649.82,220202469.1,10072.28624,,10182.6324,
67,100.4074714,355.7006277,35715.00059,64272.3937,64272393.7,202672281.5,10325.71727,,10426.12474,
68,85.50109971,354.4017026,30301.73531,54530.73021,54530730.21,171953569.3,10523.41163,,10608.91273,
69,45.50908854,354.7344241,16143.64031,29051.94985,29051949.85,91610481.86,10646.17128,,10691.68037,
70,43.31567203,351.7883569,15237.94909,27422.07608,27422076.08,86470946.56,10779.15831,,10822.47399,
71,158.7608134,352.1424204,55906.41707,100608.6851,100608685.1,317252720.4,11005.13448,,11163.89529,
72,1.651420677,350.197892,578.32404,1040.746739,1040746.739,3281821.382,11233.54455,,11235.19598,
73,61.43965558,349.1345802,21450.70836,38602.50175,38602501.75,121726555.5,11424.83714,,11486.2768,
74,95.76894073,350.4513085,33562.35059,60398.50413,60398504.13,190456616.4,11600.4552,,11696.22414,
75,89.95978144,350.675973,31546.73389,56771.21845,56771218.45,179018575.5,11837.31732,,11927.2771,
76,54.81253547,348.4976193,19102.03812,34375.85592,34375855.92,108398532.3,11992.34506,,12047.1576,
77,1.406431351,348.8442045,490.6254258,882.9251016,882925.1016,2784157.154,12025.5,,12026.90643,
78,70.7494651,350.8636402,24823.41487,44671.99403,44671994.03,140865687.8,12116.10641,,12186.85587,
79,59.07361262,350.4358983,20701.5145,37254.25923,37254259.23,117475097.4,12246.32575,,12305.39936,
80,79.38047892,351.9214402,27935.69246,50272.82079,50272820.79,158526961.6,12371.83147,,12451.21195,
81,74.89671772,354.5315564,26553.24991,47784.9896,47784989.6,150682000.6,12565.2964,,12640.19312,
82,46.5274508,349.7111362,16271.16768,29281.44696,29281446.96,92334162.74,12696.24438,,12742.77183,
83,11.28398091,347.8249304,3924.849874,7063.124517,7063124.517,22272385.98,12783.07961,,12794.3636,
84,81.82573784,353.2581512,28905.60887,52018.27363,52018273.63,164030956.2,12951.29007,,13033.11581,
85,110.2148758,352.7466033,38877.92306,69964.36052,69964360.52,220620950.2,13185.39089,,13295.60577,
86,30.20237958,348.1320233,10514.41551,18921.64754,18921647.54,59666261.92,13426.43977,,13456.64215,
87,77.0507107,352.9326012,27193.70775,48937.55177,48937551.77,154316413.3,13587.34024,,13664.39095,
88,33.368055,349.715611,11669.32974,21000.0208,21000020.8,66220065.59,13720.32379,,13753.69185,
89,130.7460139,353.6943751,46244.12967,83220.51965,83220519.65,262422038.6,13843.24308,,13973.98909,
90,10.39528208,348.455573,3622.293972,6518.647639,6518647.639,20555468.89,14053.35792,,14063.7532,
91,36.44896221,348.4381867,12700.2103,22855.18418,22855184.18,72070014.11,14050.63626,,14087.08522,
92,4.646193592,348.0364755,1617.044842,2910.019348,2910019.348,9176261.012,14136.94713,,14141.59333,
93,27.76517395,347.9870442,9661.920814,17387.50576,17387505.76,54828601.5,14130.46836,,14158.23353,
94,264.7325816,349.849418,92616.53959,166671.8913,166671891.3,525572030.5,14228.29728,,14493.02986,
95,7.243758613,350.4118991,2538.299212,4567.900423,4567900.423,14404112.67,14374.11573,,14381.35949,
96,69.95433431,350.5070143,24519.48486,44125.04432,44125044.32,139140973.1,14404.80742,,14474.76176,
97,58.1046614,350.5937638,20371.13194,36659.70573,36659705.73,115600272.1,14547.9664,,14606.07107,
98,76.09889738,350.5499814,26676.46706,48006.73009,48006730.09,151381222.2,14794.04414,,14870.14304,
99,70.51831069,350.2490202,24698.96923,44448.04278,44448042.78,140159494.9,14926.10913,,14996.62744,
100,59.57664379,351.8492617,20961.99813,37723.02322,37723023.22,118953266.6,15070.71129,,15130.28794,
101,74.18819131,356.4986755,26447.99194,47595.56831,47595568.31,150084692.1,15261.61513,,15335.80332,
102,197.9922186,354.3365145,70155.87263,126251.8771,126251877.1,398114252.5,15431.39238,,15629.38459,
103,56.55650675,352.1383359,19915.71417,35840.14002,35840140.02,113015908.2,15705.47862,,15762.03512,
104,3.362977642,349.6604172,1175.900165,2116.139357,2116139.357,6672892.771,15851.59756,,15854.96054,
105,1.126094019,349.6609491,393.7511033,708.5909426,708590.9426,2234423.439,15859.59225,,15860.71835,
106,49.52936407,349.5637962,17313.67253,31157.52929,31157529.29,98250075.69,15845.14573,,15894.6751,
107,127.9000857,349.4528036,44695.04352,80432.79815,80432798.15,253631423.5,15915.62576,,16043.52585,
108,90.77877531,353.4362041,32084.50576,57738.98787,57738987.87,182070275.1,16157.2283,,16248.00708,
109,65.15255389,352.808221,22986.35663,41366.04057,41366040.57,130440914.6,16345.27789,,16410.43044,
110,58.20902656,353.019542,20548.9239,36979.65855,36979658.55,116609190,16469.28094,,16527.48997,
111,150.7841936,352.1213816,53094.33859,95548.09398,95548093.98,301294989.7,16632.66932,,16783.45351,
112,21.05236139,353.067655,7432.90787,13376.19412,13376194.12,42179598.8,16893.15729,,16914.20965,
113,142.9426138,371.7724173,53142.12105,95634.08288,95634082.88,301566141.3,17030.39576,,17173.33838,
114,71.69644087,376.5173557,26994.95433,48579.87691,48579876.91,153188545.2,17317.56819,,17389.26463,
115,163.1228474,377.2184146,61532.94188,110734.1285,110734128.5,349181618.6,17430.57714,,17593.69999,
116,6.979178595,378.5145672,2641.720765,4754.016919,4754016.919,14991000.02,17467.17811,,17474.15729,
117,4.391406537,377.8095262,1659.115223,2985.728827,2985728.827,9414998.234,17528.8739,,17533.26531,
118,29.44198726,377.761239,11122.04158,20015.12596,20015125.96,63114363.86,17520.0728,,17549.51478,
119,62.78952961,375.3846271,23570.22416,42416.76331,42416763.31,133754193.6,17754.1749,,17816.96443,
120,152.3900232,375.5537392,57230.64302,102991.7502,102991750.2,324767319,17887.17883,,18039.56885,
121,35.31912838,385.4022028,13612.06988,24496.15847,24496158.47,77244553.05,18173.48035,,18208.79948,
122,3.532894997,385.1476832,1360.686323,2448.678863,2448678.863,7721500.682,18222.48437,,18226.01726,
123,2.812145734,384.8282482,1082.193116,1947.504995,1947504.995,6141132.417,18253.71913,,18256.53128,
124,13.52356983,384.8664213,5204.767923,9366.453523,9366453.523,29535550.11,18266.95648,,18280.48005,
125,412.5450646,380.472957,156962.2407,282467.8359,282467835.9,890715242.7,18144.62109,,18557.16615,
126,31.3744998,381.0791895,11956.16896,21516.21407,21516214.07,67847795.04,18515.34896,,18546.72346,
127,37.44162634,376.2946126,14089.08228,25354.5857,25354585.7,79951460.23,18671.29619,,18708.73782,
128,53.60870602,380.7164321,20409.71528,36729.13998,36729139.98,115819221.4,18782.54455,,18836.15325,
129,88.18059973,380.3142472,33536.3384,60351.69283,60351692.83,190309004.7,18879.74997,,18967.93057,
130,119.8656237,380.060755,45556.21943,81982.56258,81982562.58,258518347.3,19036.75989,,19156.62552,
131,58.84597852,377.8649675,22235.83376,40015.40635,40015406.35,126181914.7,19223.8976,,19282.74358,
132,40.53189416,374.2283342,15168.18323,27296.52607,27296526.07,86075045.53,19374.48195,,19415.01384,
133,170.3106023,376.6850475,64153.45732,115449.9845,115449984.5,364052284.6,19492.20883,,19662.51944,
134,38.4618652,381.4363611,14670.7539,26401.35672,26401356.72,83252278.18,19755.20711,,19793.66897,
135,157.1124036,388.6828909,61066.90325,109895.4496,109895449.6,346536984.4,19844.02413,,20001.13653,
136,65.85815465,393.8538025,25938.48464,46678.66356,46678663.56,147193385.7,20057.9931,,20123.85126,
137,5.431265868,386.7870353,2100.743223,3780.478602,3780478.602,11921109.19,20200.47082,,20205.90208,
138,101.7186787,386.8598579,39350.87358,70815.47802,70815478.02,223304807.4,20215.57915,,20317.29783,
139,51.02301647,387.8377635,19788.6526,35611.48116,35611481.16,112294870.6,20372.04953,,20423.07255,
140,41.22623008,380.341589,15680.04986,28217.67664,28217676.64,88979740.34,20526.54485,,20567.77108,
141,85.02528615,386.8541701,32892.38651,59192.84281,59192842.81,186654764.3,20685.55338,,20770.57867,
142,23.35608689,382.445596,8932.432571,16074.72528,16074725.28,50688967.06,20824.25367,,20847.60976,
143,80.72167524,397.1842656,32061.3793,57697.3697,57697369.7,181939039.1,20937.3807,,21018.10237,
144,66.84871588,387.4139667,25898.12619,46606.03485,46606034.85,146964363.2,21080.58032,,21147.42903,
145,63.40642203,391.4047587,24817.57532,44661.48523,44661485.23,140832550.1,21273.68532,,21337.09174,
146,135.8215148,386.9303805,52553.4704,94574.75247,94574752.47,298225719.4,21388.39064,,21524.21215,
147,54.06566212,374.2500826,20234.07851,36413.06563,36413065.63,114822533.6,21666.33239,,21720.39805,
148,34.24147574,373.4882991,12788.79053,23014.59236,23014592.36,72572681.25,21779.84791,,21814.08939,
149,72.21696942,380.6113397,27486.59748,49464.6335,49464633.5,155978477.6,21975.71783,,22047.9348,
150,105.313662,378.4076205,39851.49224,71716.38685,71716386.85,226145673.2,22132.37309,,22237.68675,
151,60.74996016,379.5831871,23059.6635,41497.96294,41497962.94,130856909.8,22294.39122,,22355.14118,
152,55.83588225,376.0554733,20997.38913,37786.71254,37786712.54,119154100.2,22421.73283,,22477.56871,
153,77.36274109,382.5957612,29598.65682,53265.47648,53265476.48,167963802.5,22588.75302,,22666.11577,
154,13.96833306,383.6812037,5359.386841,9644.704335,9644704.335,30412967.67,22636.93471,,22650.90304,
155,92.99363356,389.1931203,36192.48242,65131.6657,65131665.7,205381852.5,22727.11854,,22820.11217,
156,121.8779817,390.4066659,47581.97649,85628.09674,85628096.74,270013931.7,22879.03696,,23000.91494,
157,11.90269377,400.714155,4769.577877,8583.289432,8583289.432,27065972.67,22955.5581,,22967.46079,
158,91.64566332,384.1078119,35201.81521,63348.8699,63348869.9,199760103.1,23095.60911,,23187.25478,
159,67.03701946,379.620994,25448.65996,45797.17948,45797179.48,144413772.6,23256.58575,,23323.62277,
160,95.32552612,377.6591858,36000.56058,64786.2849,64786284.9,204292751.7,23402.55486,,23497.88039,
161,53.58078628,379.0969061,20312.3103,36553.85085,36553850.85,115266476.3,23570.25049,,23623.83127,
162,81.91804112,395.0548457,32362.11909,58238.57832,58238578.32,183645650.3,23700.74491,,23782.66295,
163,117.3713764,382.1525104,44853.76616,80718.43398,80718433.98,254532128.5,23832.72652,,23950.0979,
164,5.630418473,386.9147023,2178.491687,3920.394039,3920394.039,12362309.2,23867.57234,,23873.20276,
165,25.79616598,383.1606717,9884.076285,17787.29475,17787294.75,56089269.43,23918.99318,,23944.78935,
166,52.48851017,379.1849424,19902.8527,35816.99464,35816994.64,112942923.1,24020.77222,,24073.26073,
167,85.88898292,378.1539651,32479.25945,58449.38306,58449383.06,184310387.9,24153.64959,,24239.53857,
168,129.4266746,390.2324357,50506.48648,90891.01862,90891018.62,286609678.7,24377.9474,,24507.37408,
169,90.23958073,388.4596179,35054.43305,63083.64229,63083642.29,198923752,24610.54378,,24700.78336,
170,98.54465795,390.2060655,38452.72326,69199.17478,69199174.78,218208064.5,24825.4333,,24923.97796,
171,109.6098943,378.2537852,41460.3574,74611.68613,74611686.13,235275516.9,24990.07148,,25099.68138,
172,20.85066065,378.753565,7897.262052,14211.84173,14211841.73,44814674.25,25070.79166,,25091.64232,
173,191.2923243,388.679833,74351.46865,133802.234,133802234,421923044.4,25298.19528,,25489.4876,
174,97.61316316,381.8181887,37270.48115,67071.62252,67071622.52,211499183,25714.01527,,25811.62843,
175,84.14441711,397.895172,33480.65732,60251.48965,60251489.65,189993030.7,25929.78014,,26013.92455,
176,4.555791422,395.3342104,1801.060204,3241.171738,3241171.738,10220494.88,26096.74145,,26101.29724,
177,62.14129229,384.9947127,23924.06897,43053.53926,43053539.26,135762160.5,26071.727,,26133.86829,
178,64.82849292,383.9754423,24892.54924,44796.40763,44796407.63,141258005.4,26197.82261,,26262.6511,
179,67.11172784,379.150502,25445.4453,45791.39441,45791394.41,144395530.4,26331.71858,,26398.83031,
180,71.53490792,381.4631305,27287.92992,49107.11314,49107113.14,154851096.8,26511.9524,,26583.4873,
181,87.86904681,383.5172924,33699.29892,60644.95511,60644955.11,191233758.4,26688.38524,,26776.25429,
182,58.84584969,369.1971805,21725.72179,39097.41345,39097413.45,123287177.1,26840.15734,,26899.00319,
183,3.649814513,372.7016368,1360.291843,2447.968961,2447968.961,7719262.123,26873.8294,,26877.47922,
184,55.78712329,367.4871608,20501.05155,36893.5079,36893507.9,116337528.2,26963.68476,,27019.47188,
185,56.96547875,377.9398207,21529.52282,38744.33555,38744335.55,122173804.8,27167.24631,,27224.21179,
186,102.8064452,372.270414,38271.79793,68873.58319,68873583.19,217181365.7,27265.91296,,27368.7194,
187,42.49523615,373.3704381,15866.46494,28553.14754,28553147.54,90037591.9,27412.83118,,27455.32642,
188,28.27736406,365.8621526,10345.61728,18617.87977,18617879.77,58708380.88,27580.31906,,27608.59642,
189,149.2481338,365.348002,54527.50751,98127.21187,98127211.87,309427808.1,27630.68369,,27779.93183,
190,103.5367917,365.2360757,37815.37149,68052.20228,68052202.28,214591277.8,27869.56735,,27973.10414,
191,90.49757134,379.4651067,34340.67057,61799.16176,61799161.76,194873356.8,28086.92357,,28177.42114,
192,70.56688741,382.1465967,26966.89586,48529.38315,48529383.15,153029321.5,28237.78299,,28308.34987,
193,81.11167969,384.6876248,31202.65941,56152.02511,56152025.11,177066052.5,28367.63096,,28448.74264,
194,11.74763347,362.807951,4262.134828,7670.099485,7670099.485,24186380.38,28514.57311,,28526.32075,
195,140.6600695,368.1547553,51784.67348,93191.23244,93191232.44,293863019.6,28578.3355,,28718.99557,
196,53.97438214,371.4862829,20050.74259,36083.13596,36083135.96,113782155.4,28756.36875,,28810.34313,
197,65.49740772,370.7243182,24281.48182,43696.7362,43696736.2,137790374.8,28891.72864,,28957.22605,
198,107.89139,371.9361568,40128.70894,72215.26354,72215263.54,227718797.7,29018.88603,,29126.77742,
199,178.8658764,370.1312424,66203.84906,119139.8511,119139851.1,375687663.7,29209.4086,,29388.27448,
200,16.173459,381.3043702,6167.010596,11098.09678,11098096.78,34995998.5,29293.90681,,29310.08027,
201,52.9669216,362.8742955,19220.33436,34588.74077,34588740.77,109069829.2,29468.29389,,29521.26081,
202,30.45384682,360.9130804,10991.19167,19779.64962,19779649.62,62371828.48,29689.53844,,29719.99228,
203,174.8719414,358.2848406,62653.96567,112751.5129,112751512.9,355543103.9,29665.2399,,29840.11185,
204,116.5416753,360.415928,42003.47604,75589.07754,75589077.54,238357557.8,29917.6089,,30034.15058,
205,61.63102211,359.9978402,22187.03485,39927.58827,39927588.27,125904995,30103.20559,,30164.83661,
206,50.41420286,353.7466524,17833.8555,32093.64588,32093645.88,101201963.4,30230.70591,,30281.12011,
207,61.70893688,355.8362644,21958.27758,39515.91875,39515918.75,124606863.8,30366.40895,,30428.11789,
208,11.18131981,357.4878931,3997.18646,7193.300787,7193300.787,22682875.15,30597.99165,,30609.17297,
209,190.4423555,354.9841816,67604.02371,121659.5928,121659592.8,383633249.2,30550.63194,,30741.07429,
210,20.429274,351.0528058,7171.753958,12906.22389,12906223.89,40697626.01,30853.33407,,30873.76334,
211,19.34742079,351.8800906,6807.972179,12251.56548,12251565.48,38633269.8,30908.67781,,30928.02523,
212,437.3339634,358.3722211,156728.3438,282046.9173,282046917.3,889387945.8,31015.44764,,31452.7816,
213,28.86614795,361.449372,10433.65105,18776.30455,18776304.55,59207947,31190.83612,,31219.70227,
214,81.56460992,358.9136653,29274.65311,52682.40232,52682402.32,166125175.3,31354.02193,,31435.58654,
215,63.44859269,360.2078567,22854.68159,41129.07934,41129079.34,129693696.9,31569.25828,,31632.70688,
216,63.89427743,359.0037483,22938.2851,41279.53146,41279531.46,130168122.5,31702.71393,,31766.60821,
217,59.98983323,356.9750249,21414.87221,38538.01134,38538011.34,121523195.7,31837.74959,,31897.73942,
218,103.042059,359.288926,37021.87072,66624.22542,66624225.42,210088390.8,32004.653,,32107.69506,
219,45.01374051,356.5121428,16047.94509,28879.73758,28879737.58,91067439.17,32152.74292,,32197.75666,
220,11.0982423,355.1141925,3941.143353,7092.446115,7092446.115,22364846.75,32237.62341,,32248.72165,
221,0.722200232,355.1342798,256.4780591,461.5556074,461555.6074,1455438.682,32244.5,,32245.2222,
222,131.8639049,356.2952151,46982.47836,84549.24532,84549245.32,266611953.6,32416.54912,,32548.41302,
223,60.00823159,358.2014115,21495.03326,38682.26844,38682268.44,121978086.5,32597.58075,,32657.58898,
224,88.76112203,363.6417002,32277.24533,58085.84026,58085840.26,183164016.3,32784.58791,,32873.34903,
225,25.40866488,359.3781612,9131.319262,16432.63998,16432639.98,51817591.4,32919.84737,,32945.25603,
226,79.46263514,362.0775585,28771.63692,51777.17892,51777178.92,163270704.2,33103.61655,,33183.07918,
227,73.0772913,360.2133464,26323.41565,47371.38194,47371381.94,149377757.7,33290.74883,,33363.82613,
228,34.26616599,370.5553405,12697.51081,22850.3262,22850326.2,72054695.28,33461.29691,,33495.56308,
229,168.4012309,368.3044077,62022.91562,111615.8809,111615880.9,351962077.7,33450.50709,,33618.90832,
230,21.13732998,386.6090417,8171.882887,14706.04691,14706046.91,46373067.93,33731.46088,,33752.59821,
231,199.2035627,370.7938077,73863.44751,132923.9955,132923995.5,419153665.9,33689.30395,,33888.50752,
232,43.83241999,360.5835032,15805.24755,28442.98128,28442981.28,89690200.96,33943.85964,,33987.69206,
233,54.13060121,378.1766612,20470.93004,36839.3015,36839301.5,116166597.4,34142.2727,,34196.4033,
234,94.5083756,380.4061477,35951.56709,64698.11665,64698116.65,204014727.8,34247.58881,,34342.09719,
235,9.431441593,365.4163646,3446.4031,6202.116008,6202116.008,19557339.14,34403.52738,,34412.95882,
236,121.5023838,380.6659111,46251.81563,83234.35124,83234351.24,262465654.2,34477.53334,,34599.03573,
237,53.64644798,365.5298425,19609.37768,35288.85964,35288859.64,111277537.4,34786.39098,,34840.03743,
238,75.60076869,363.6698393,27493.7194,49477.45004,49477450.04,156018892.5,34883.03994,,34958.6407,
239,64.82334875,364.9744964,23658.86907,42576.28789,42576287.89,134257227.8,35030.05382,,35094.87717,
240,9.286307807,348.0694104,3232.279684,5816.781435,5816781.435,18342250.79,35164.54144,,35173.82775,
241,38.70235228,354.8445107,13733.31726,24714.35417,24714354.17,77932596.82,35253.92777,,35292.63012,
242,18.14482538,354.0293615,6423.800944,11560.21438,11560214.38,36453209.34,35356.85291,,35374.99774,
243,61.56913566,370.2755549,22797.54587,41026.25841,41026258.41,129369468.2,35489.1765,,35550.74564,
244,135.9990481,366.0790533,49786.40278,89595.16246,89595162.46,282523412.3,35605.46546,,35741.46451,
245,198.0823303,363.7150123,72045.5172,129652.4645,129652464.5,408837438,35873.9297,,36072.01203,
246,62.14457395,366.4704229,22774.1483,40984.15235,40984152.35,129236693.8,35989.45238,,36051.59695,
247,93.26246471,368.7252765,34388.22809,61884.74584,61884745.84,195143231.9,36220.38835,,36313.65081,
248,191.4042808,366.7107731,70190.0118,126313.3137,126313313.7,398307982.4,36384.34702,,36575.7513,
249,53.10566024,376.3502884,19986.33055,35967.22061,35967220.61,113416635.7,36835.36245,,36888.46811,
250,234.0654315,367.6883838,86063.14022,154878.4528,154878452.8,488383387.7,36817.82485,,37051.89028,
251,100.8876622,362.6699857,36588.92701,65845.10382,65845103.82,207631560.7,37232.5841,,37333.47176,
252,58.03448581,360.7011665,20933.10673,37671.03052,37671030.52,118789316.2,37401.11532,,37459.14981,
253,70.4976537,368.9429891,26009.61508,46806.66926,46806669.26,147597030.4,37525.07063,,37595.56829,
254,55.43258524,361.5885402,20043.78758,36070.61977,36070619.77,113742687.7,37658.47275,,37713.90533,
255,2.738079299,363.4699495,995.2095447,1790.970142,1790970.142,5647525.847,37689.79063,,37692.52871,
256,54.15462078,369.5495802,20012.81738,36014.88608,36014886.08,113566940.8,37791.57543,,37845.73005,
257,328.7718622,367.2727069,120748.9318,217298.6912,217298691.2,685215206.1,37888.06048,,38216.83234,
258,7.293047635,382.8362005,2792.042647,5024.534825,5024534.825,15844033.15,37998.80754,,38006.10059,
259,0.61029705,382.8377851,233.644771,420.4650276,420465.0276,1325866.387,38004.5,,38005.1103,
260,27.34544246,383.0613119,10474.98106,18850.68167,18850681.67,59442482.85,38038.5428,,38065.88824,
261,41.35636368,355.4360784,14699.54372,26453.16661,26453166.61,83415652.06,38316.55515,,38357.91152,
262,69.20672896,356.8719263,24697.93868,44446.18822,44446188.22,140153646.8,38415.69086,,38484.89759,
263,95.51374296,376.4126059,35952.57688,64699.93386,64699933.86,204020458.1,38655.42034,,38750.93408,
264,55.78319861,370.5578826,20670.90396,37199.17277,37199172.77,117301391.5,38814.00369,,38869.78688,
265,93.31441891,367.8213356,34323.03419,61767.4235,61767423.5,194773275.4,38925.01458,,39018.329,
266,59.52534872,363.9753855,21665.76175,38989.50989,38989509.89,122946921.2,39134.86306,,39194.38841,
267,89.45640793,368.7809168,32989.81613,59368.17626,59368176.26,187207649.1,39292.57955,,39382.03595,
268,59.22725842,360.4371065,21347.70165,38417.1318,38417131.8,121142022.3,39454.82998,,39514.05724,
269,60.54779049,372.565122,22557.99495,40595.16474,40595164.74,128010086.1,39642.95947,,39703.50726,
270,104.4723336,367.3339266,38376.23254,69061.52277,69061522.77,217774001.8,39753.87306,,39858.34539,
271,13.80219188,362.6645442,5005.565625,9007.97086,9007970.86,28405134.78,39900.93774,,39914.73993,
272,54.46766669,365.8665016,19927.89466,35862.05992,35862059.92,113085028.9,39955.37451,,40009.84217,
273,26.41887313,356.8010029,9426.280429,16963.44944,16963449.44,53491410.57,40122.16657,,40148.58544,
274,132.0822444,367.8508045,48586.55985,87435.93593,87435935.93,275714651.3,40219.11051,,40351.19275,
275,5.335269175,356.091132,1899.84204,3418.93864,3418938.64,10781053.18,40417.16205,,40422.49732,
276,80.22945669,369.5796412,29651.17382,53359.9856,53359985.6,168261821.3,40527.31929,,40607.54875,
277,100.3633316,366.2356576,36756.63073,66146.90193,66146901.93,208583230.8,40701.30484,,40801.66817,
278,58.32776974,359.0643148,20943.42068,37689.5914,37689591.4,118847844.9,40855.88595,,40914.21371,
279,1.093320083,362.3152977,396.1265914,712.8658495,712865.8495,2247903.646,40889.5,,40890.59332,
280,47.49017889,362.7352235,17226.36066,31000.40363,31000403.63,97754606.13,41006.20443,,41053.69461,
281,252.4301965,360.4230102,90981.65129,163729.761,163729761,516294513.1,40989.99263,,41242.42282,
282,53.5911903,361.6824535,19382.99319,34881.46014,34881460.14,109992871,41300.32229,,41353.91348,
283,34.72028166,372.2992401,12926.33448,23262.11522,23262115.22,73353203.32,41461.8578,,41496.57808,
284,199.5481401,367.1214929,73258.41107,131835.1774,131835177.4,415720259.4,41445.5885,,41645.13664,
285,196.3610649,368.6100958,72380.67096,130255.6042,130255604.2,410739338.5,41754.6109,,41950.97196,
286,25.91304744,373.3388519,9674.347378,17409.86849,17409868.49,54899118.65,41877.30583,,41903.21888,
287,134.6905998,368.0741328,49576.12572,89216.74976,89216749.76,281330150.9,42142.48032,,42277.17092,
288,48.21777211,358.849719,17302.93397,31138.20429,31138204.29,98189137.53,42328.97514,,42377.19292,
289,57.53162159,358.0584443,20599.68292,37071.00403,37071004.03,116897232.7,42445.82289,,42503.35451,
290,125.5273997,368.1928293,46218.28845,83174.01602,83174016.02,262275397.2,42600.14719,,42725.67459,
291,5.238857048,375.7135342,1968.309497,3542.15206,3542152.06,11169586.16,42668.08537,,42673.32423,
292,40.29779178,374.5094388,15091.90338,27159.25353,27159253.53,85642179.47,42863.2403,,42903.53809,
293,194.1829359,368.4691978,71550.43064,128761.5112,128761511.2,406027965.2,42841.39774,,43035.58067,
294,112.771142,369.2950548,41645.82509,74945.4521,74945452.1,236327992.3,43163.27476,,43276.0459,
295,57.8058438,372.2759784,21519.72706,38726.70719,38726707.19,122118216.7,43348.20107,,43406.00691,
296,60.4595692,377.0497012,22796.2625,41023.94887,41023948.87,129362185.4,43490.66606,,43551.12563,
297,105.5017982,371.7054525,39215.59364,70572.02945,70572029.45,222537132.9,43636.16928,,43741.67108,
298,59.37550141,362.7963376,21541.21445,38765.37571,38765375.71,122240151.4,43799.74583,,43859.12133,
299,1.648253223,368.7976863,607.8719749,1093.920936,1093920.936,3449497.353,43833.46849,,43835.11674,
300,36.82487585,366.859966,13509.5727,24311.70548,24311705.48,76662911.27,44014.81862,,44051.64349,
301,69.71442011,375.1606455,26154.10685,47066.69536,47066695.36,148416979.4,44118.76766,,44188.48208,
302,130.116001,368.9971436,48012.43271,86402.74189,86402741.89,272456646.1,44248.34273,,44378.45873,
303,28.86160463,373.5624493,10781.61172,19402.49143,19402491.43,61182522.99,44474.52127,,44503.38288,
304,173.8050692,368.0333045,63966.05395,115112.7351,115112735.1,362988824.7,44451.13274,,44624.93781,
305,77.81545842,364.2269235,28342.48502,51004.88102,51004881.02,160835391.5,44698.27497,,44776.09043,
306,159.5979204,368.1839183,58761.38768,105746.4645,105746464.5,333453851.5,44836.0916,,44995.68952,
307,70.0177325,364.2128149,25501.35544,45892.0098,45892009.8,144712804.2,45139.79431,,45209.81204,
308,56.73990579,365.6905354,20749.24653,37340.15735,37340157.35,117745962.8,45277.82299,,45334.56289,
309,1.751953775,362.9985884,635.9567472,1144.46204,1144462.04,3608870.299,45367.57812,,45369.33007,
310,189.8246845,365.0048083,69286.92257,124688.1224,124688122.4,393183212.7,45394.06577,,45583.89045,
311,167.9199746,368.2694526,61839.79714,111286.3425,111286342.5,350922933.4,45659.68185,,45827.60183,
312,22.38721058,372.957004,8349.466989,15025.62566,15025625.66,47380806.26,45780.44307,,45802.83029,
313,73.63829718,367.8602652,27088.60353,48748.40717,48748407.17,153719977.3,45912.10225,,45985.74055,
314,55.3126961,367.3277487,20317.88813,36563.88866,36563888.66,115298128.9,46038.08257,,46093.39527,
315,110.7380141,367.6527046,40713.13038,73266.98309,73266983.09,231035220,46197.94103,,46308.67905,
316,58.73986318,361.9721691,21262.19569,38263.25604,38263256.04,120656800.7,46422.59997,,46481.33983,
317,96.19256489,363.521331,34968.04923,62928.18675,62928186.75,198433548.9,46581.68958,,46677.88214,
318,17.10430694,364.3115399,6231.2964,11213.78493,11213784.93,35360801.82,46638.02281,,46655.12712,
319,133.1757987,368.0940286,49021.21626,88218.1397,88218139.7,278181200.5,46797.62462,,46930.80042,
320,46.97232682,366.7345114,17226.37333,31000.42644,31000426.44,97754678.04,47009.64513,,47056.61746,
321,95.4470373,373.339115,35634.11244,64126.82811,64126828.11,202213264.6,47108.56945,,47204.01649,
322,7.976354952,354.431929,2827.074872,5087.578502,5087578.502,16042830.88,47260.52056,,47268.49692,
323,37.87575426,361.3103297,13684.90126,24627.22517,24627225.17,77657850.04,47344.93187,,47382.80763,
324,1.744593776,359.0597122,626.4133392,1127.287809,1127287.809,3554714.224,47415.66487,,47417.40947,
325,105.7919921,366.3128444,38752.96555,69739.48811,69739488.11,219911852.5,47465.58024,,47571.37223,
326,74.47853652,363.0570726,27039.95944,48660.86771,48660867.71,153443936.2,47622.54354,,47697.02207,
327,120.5131995,374.075591,45081.04633,81127.44534,81127445.34,255821877.6,47773.89075,,47894.40395,
328,108.8234739,358.9896772,39066.50377,70303.72867,70303728.67,221691091.1,47975.51164,,48084.33512,
329,15.37045128,363.6353645,5589.239653,10058.34539,10058345.39,31717315.79,48045.09176,,48060.46221,
330,94.43421515,369.1541883,34860.78604,62735.15688,62735156.88,197824861.4,48170.64868,,48265.08289,
331,126.2899641,366.7576186,46317.8065,83353.10782,83353107.82,262840133.3,48341.03755,,48467.32752,
332,101.1389901,364.2291899,36837.77243,66292.9238,66292923.8,209043686.4,48531.40892,,48632.54791,
333,10.94807668,361.6844838,3959.749464,7125.929506,7125929.506,22470431.04,48667.86682,,48678.81489,
334,111.4702157,365.1864523,40707.41262,73256.69346,73256693.46,231002773.4,48736.24246,,48847.71267,
335,78.12919889,361.5699913,28249.17377,50836.95892,50836958.92,160305877.1,48983.50618,,49061.63538,
336,24.14694025,358.9157082,8666.716161,15596.54442,15596544.42,49181103.41,49109.84045,,49133.98739,
337,99.52617057,372.067259,37030.42948,66639.62769,66639627.69,210136959.3,49273.74706,,49373.27323,
338,18.64221067,370.8420088,6913.314852,12441.1392,12441139.2,39231058.95,49534.44167,,49553.08388,
339,1.415647944,370.5081395,524.5090858,943.9018313,943901.8313,2976437.108,49566.81391,,49568.22956,
340,151.7928686,371.6815298,56418.6056,101530.415,101530415,320159241.9,49590.38084,,49742.17371,
341,68.42216369,369.7587127,25299.69116,45529.09657,45529096.57,143568417.9,49871.12985,,49939.55201,
342,149.4204642,365.6297659,54632.56934,98316.2802,98316280.2,310024003.6,50012.16773,,50161.5882,
343,4.502804237,371.6347273,1673.398425,3011.432748,3011432.748,9496051.266,50093.65157,,50098.15438,
344,0.512984368,364.0945547,186.774815,336.1182764,336118.2764,1059892.965,50205.98702,,50206.5,
345,24.43429372,363.9419379,8892.664206,16003.15849,16003158.49,50463293.11,50194.27576,,50218.71006,
346,90.64865135,379.5102677,34402.09394,61909.6987,61909698.7,195221916.6,50422.49454,,50513.14319,
347,83.09042381,390.1805086,32420.26383,58343.21506,58343215.06,183975604.8,50575.69779,,50658.78822,
348,67.56156268,373.3534049,25224.33947,45393.49434,45393494.34,143140818.8,50712.57966,,50780.14123,
349,5.811160089,380.0527562,2208.547409,3974.482045,3974482.045,12532866.71,50746.826,,50752.63716,
350,103.0698524,365.118497,37632.70959,67723.48556,67723485.56,213554724.5,50994.06683,,51097.13668,
351,64.46368356,362.1610549,23346.23564,42013.67559,42013675.59,132483123.7,51160.72152,,51225.18521,
352,14.23573743,353.397413,5030.87278,9053.513387,9053513.387,28548745.55,51296.55644,,51310.79218,
353,100.4480586,370.9095265,37257.14186,67047.61725,67047617.25,211423486.4,51402.90605,,51503.35411,
354,161.6333884,365.9852845,59155.44164,106455.6005,106455600.5,335689993.6,51616.11669,,51777.75008,
355,21.44721527,369.6547683,7928.065392,14267.27514,14267275.14,44989474.29,51729.40705,,51750.85426,
356,53.573129,360.0982525,19291.59014,34716.97203,34716972.03,109474185.1,51863.156,,51916.72913,
357,47.04507227,361.2477763,16994.92775,30583.91905,30583919.05,96441291.41,52002.98566,,52050.03073,
358,71.52669677,371.8784831,26599.23949,47867.75205,47867752.05,150942978.1,52108.48237,,52180.00906,
359,96.54272271,375.0080194,36204.29523,65152.92392,65152923.92,205448886.8,52248.12036,,52344.66308,
360,58.3957004,368.0696951,21493.68764,38679.84688,38679846.88,121970450.5,52441.24904,,52499.64474,
361,189.3807695,368.2646299,69742.23899,125507.5058,125507505.8,395767001.5,52568.36821,,52757.74898,
362,2.030600076,368.443743,748.1618926,1346.38541,1346385.41,4245601.993,52661.5,,52663.5306,
363,53.40600166,372.42325,19889.63671,35793.21126,35793211.26,112867926.2,52692.64506,,52746.05106,
364,15.30392294,355.3056018,5437.569551,9785.401236,9785401.236,30856631.9,52830.38327,,52845.68719,
365,96.5616292,371.4030099,35863.27973,64539.2355,64539235.5,203513722.6,52958.67313,,53055.23476,
366,87.48925279,369.9858601,32369.78644,58252.37642,58252376.42,183689160.3,53130.49441,,53217.98366,
367,15.30807462,357.8823849,5478.490253,9859.041765,9859041.765,31088845.03,53277.1598,,53292.46787,
368,67.4455512,363.6008559,24523.26014,44131.83829,44131838.29,139162396.7,53340.07374,,53407.5193,
369,3.670757071,359.1023566,1318.177515,2372.180395,2372180.395,7480275.511,53479.821,,53483.49176,
370,41.25434823,366.3176265,15112.19493,27195.77001,27195770.01,85757328.1,53547.24581,,53588.50016,
371,106.099456,368.8259558,39132.23327,70422.01489,70422014.89,222064086.9,53641.95676,,53748.05622,
372,1.213341313,368.7579895,447.4293029,805.1897476,805189.7476,2539031.671,53805.28666,,53806.5,
373,71.363278,369.1836379,26346.15458,47412.30273,47412302.73,149506794.6,53821.06063,,53892.42391,
374,92.12557754,368.6478361,33961.8948,61117.5203,61117520.3,192723914,54032.59758,,54124.72316,
375,44.59507246,368.6774515,16441.19766,29587.43138,29587431.38,93299033.62,54165.46775,,54210.06282,
376,63.55543347,370.3970929,23540.7478,42363.71792,42363717.92,133586923.8,54300.05545,,54363.61088,
377,110.5790926,370.0266929,40917.21595,73634.25366,73634253.66,232193346.5,54461.8522,,54572.4313,
378,55.27005552,371.670202,20542.2327,36967.61713,36967617.13,116571219.3,54614.02897,,54669.29902,
379,170.1335521,367.2387092,62479.62605,112437.7729,112437772.9,354553777.1,54801.5521,,54971.68566,
380,45.75769996,370.196903,16939.35881,30483.9177,30483917.7,96125953.82,54996.69309,,55042.45079,
381,46.7234317,355.4212035,16606.49833,29884.90497,29884904.97,94237066.99,55142.2732,,55188.99663,
382,67.8142352,362.0432046,24551.68303,44182.98786,44182987.86,139323688.4,55255.74146,,55323.5557,
383,105.5188168,364.8745363,38501.12934,69286.28593,69286285.93,218482755,55425.85366,,55531.37247,
384,117.7115981,364.9452206,42958.28514,77307.34339,77307343.39,243775822.8,55712.15857,,55829.87017,
385,56.65447179,363.858459,20614.2088,37097.14467,37097144.67,116979662.9,55905.68973,,55962.3442,
386,0.988711431,361.2502185,357.1722205,642.7639142,642763.9142,2026848.876,55992.51129,,55993.5,
387,64.1292621,364.3382684,23364.74431,42046.98362,42046983.62,132588155,56021.13839,,56085.26765,
388,82.67481831,366.490241,30299.51408,54526.73291,54526732.91,171940964.5,56197.93758,,56280.6124,
389,58.74162028,365.0461455,21443.40206,38589.35341,38589353.41,121685094.4,56348.24788,,56406.98951,
390,128.7193325,374.7549537,48238.20748,86809.04413,86809044.13,273737852.5,56509.87541,,56638.59474,
391,90.18276876,375.584434,33871.24416,60954.38622,60954386.22,192209497.9,56765.87674,,56856.05951,
392,15.42564552,365.9201569,5644.55463,10157.88972,10157889.72,32031212.26,56926.42408,,56941.84972,
393,93.53463145,369.3368069,34545.78211,62168.27865,62168278.65,196037305.3,57013.66586,,57107.20049,
394,62.17880098,364.7965024,22682.60912,40819.41927,40819419.27,128717235.4,57233.81136,,57295.99016,
395,64.77718032,364.3833525,23603.72613,42477.05316,42477053.16,133944307.6,57366.5599,,57431.33708,
396,58.60196413,363.4776903,21300.50657,38332.19996,38332199.96,120874203.9,57500.67209,,57559.27406,
397,0.899114659,370.3425343,332.9804014,599.2285342,599228.5342,1889567.311,57690.60089,,57691.5,
398,83.48127851,368.8134419,30789.01766,55407.63915,55407639.15,174718755.5,57662.21169,,57745.69297,
399,115.4786715,369.1207132,42625.56959,76708.5915,76708591.5,241887758.5,57797.23761,,57912.71628,
400,185.3442958,366.3460674,67900.1539,122192.506,122192506,385313702.2,58056.50153,,58241.84582,
401,72.80127544,373.2859867,27175.69594,48905.13788,48905137.88,154214201.4,58320.46471,,58393.26599,
402,35.26555783,376.8218468,13288.83263,23914.46363,23914463.63,75410275.32,58482.7545,,58518.02006,
403,213.720873,372.0654422,79518.1511,143100.1492,143100149.2,451242470.5,58466.21828,,58679.93916,
404,70.5227842,375.2856134,26466.18633,47628.31078,47628310.78,150187940,58713.81343,,58784.33621,
405,42.58827659,376.0017971,16013.26853,28817.33396,28817333.96,90870659.76,58832.21508,,58874.80336,
406,114.3973134,373.9415241,42777.90571,76982.73421,76982734.21,242752221.9,59043.99671,,59158.39402,
407,75.04840686,373.9306018,28062.89594,50501.73503,50501735.03,159248804.4,59226.16273,,59301.21114,
408,14.48047255,366.9023834,5312.919891,9561.082831,9561082.831,30149281.19,59356.78641,,59371.26688,
409,58.18890249,372.1751696,21656.46465,38972.77893,38972778.93,122894162.9,59412.02999,,59470.21889,
410,59.85926727,369.6172405,22125.01719,39815.98185,39815981.85,125553062.8,59548.32957,,59608.18884,
411,160.2009457,375.331234,60128.41864,108206.5611,108206561.1,341211356.2,59707.44686,,59867.64781,
412,7.938714474,355.6325574,2823.265331,5080.722886,5080722.886,16021212.83,59936.98297,,59944.92168,
413,24.61938531,366.0875087,9012.849435,16219.44275,16219442.75,51145309.46,60030.02118,,60054.64057,
414,196.3056508,365.9477004,71837.60149,129278.3013,129278301.3,407657576.6,60094.52779,,60290.83344,
415,103.6178702,345.0394921,35752.2573,64339.44053,64339440.53,202883702.5,60400.35248,,60503.97035,
416,29.68300759,345.5949633,10258.29792,18460.74063,18460740.63,58212868.79,60462.93938,,60492.62239,
417,90.83893388,348.934328,31696.82235,57041.3163,57041316.3,179870284.1,60607.55837,,60698.3973,
418,185.0385822,348.2253205,64435.11958,115956.8614,115956861.4,365650636.3,60762.51874,,60947.55732,
419,51.07147961,349.3676572,17842.72318,32109.60409,32109604.09,101252284.9,60881.29968,,60932.37116,
420,192.2884893,353.2344313,67922.91517,122233.467,122233467,385442865.8,61079.43494,,61271.72343,
421,169.3196165,352.4958516,59684.4624,107407.6215,107407621.5,338692033.1,61461.44569,,61630.76531,
422,61.62444824,359.0936537,22128.94828,39823.0562,39823056.2,125575370.6,61727.24048,,61788.86493,
423,47.11802737,354.7713155,16716.12455,30082.18733,30082187.33,94859164.06,61851.81271,,61898.93074,
424,54.83608753,356.4272786,19545.07745,35173.14551,35173145.51,110912652.2,61976.74911,,62031.58519,
425,71.8019525,362.7927011,26049.22429,46877.94965,46877949.65,147821801.2,62097.80415,,62169.60611,
426,110.8781282,365.6916457,40547.20518,72968.3856,72968385.6,230093642.6,62261.80396,,62372.68209,
427,8.737948397,364.4725448,3184.742288,5731.233566,5731233.566,18072489.85,62442.96747,,62451.70542,
428,61.5708164,363.0166952,22351.23429,40223.08012,40223080.12,126836779.3,62423.9457,,62485.51652,
429,317.7206041,370.0569314,117574.7118,211586.3934,211586393.4,667202427.2,62628.94852,,62946.66912,
430,32.45015938,383.9599977,12459.56312,22422.11768,22422117.68,70704411.08,62861.68407,,62894.13423,
431,55.40970367,372.2650355,20627.0953,37120.33511,37120335.11,117052790,62998.03032,,63053.44002,
432,60.03459864,367.5691788,22066.86812,39711.33731,39711337.31,125223083.7,63125.8721,,63185.9067,
433,71.68451035,372.1671759,26678.62177,48010.60769,48010607.69,151393449.6,63252.83223,,63324.51674,
434,0.929300481,367.6883352,341.6929467,614.9075523,614907.5523,1939008.481,63406.5707,,63407.5,
435,3.441947898,367.6985277,1265.599174,2277.560886,2277560.886,7181908.661,63409.62926,,63413.07121,
436,67.64154846,362.5186484,24521.32272,44128.35172,44128351.72,139151402.4,63385.3109,,63452.95245,
437,5.334513182,358.2662314,1911.175934,3439.335014,3439335.014,10845369.74,63515.21437,,63520.54888,
438,91.08013202,366.8024578,33408.41629,60121.48534,60121485.34,189583083.8,63678.30256,,63769.38269,
439,259.9760958,374.0147338,97234.89027,174983.0336,174983033.6,551779832.7,63886.23767,,64146.21377,
440,15.33376009,385.4006584,5909.641236,10634.93719,10634937.19,33535501.95,64024.08406,,64039.41782,
441,82.7145887,379.6321718,31401.11895,56509.17111,56509171.11,178192252.9,64216.63562,,64299.35021,
442,7.354152653,359.2571271,2642.031754,4754.576572,4754576.572,14992764.79,64474.66482,,64482.01897,
443,73.38278657,358.201482,26285.8229,47303.73038,47303730.38,149164429.8,64438.99885,,64512.38164,
444,35.81056619,355.4309842,12728.18479,22905.52681,22905526.81,72228761.22,64624.78091,,64660.59148,
445,50.56666758,365.2673335,18470.35183,33239.07896,33239078.96,104813895.6,64739.63241,,64790.19908,
446,302.1420334,362.0653279,109395.1544,196866.5355,196866535.5,620785808.6,64726.53894,,65028.68097,
447,15.37839385,364.4443215,5604.568314,10085.93071,10085930.71,31804301.5,64985.09783,,65000.47623,
448,91.29325651,359.0861806,32782.14679,58994.4564,58994456.4,186029185.8,65125.84331,,65217.13657,
449,11.17935708,360.6799895,4032.170396,7256.257563,7256257.563,22881398.85,65420.28658,,65431.46594,
450,206.3057056,356.7813114,73606.02019,132460.7316,132460731.6,417692840.4,65380.16147,,65586.46717,
451,38.98274501,357.1012967,13920.78879,25051.72625,25051726.25,78996443.44,65621.265,,65660.24774,
452,67.48498991,355.8772519,24016.37276,43219.64831,43219648.31,136285957.7,65750.33603,,65817.82102,
453,13.55692377,346.8162789,4701.761856,8461.24833,8461248.33,26681136.4,65884.5905,,65898.14742,
454,164.3493429,353.0288221,58020.05494,104412.3688,104412368.8,329247003,65980.33261,,66144.68196,
455,88.2890476,352.5947687,31130.25632,56021.72916,56021729.16,176655185.9,66253.64979,,66341.93883,
456,96.17618207,352.1762342,33870.96562,60953.88497,60953884.97,192207917.3,66430.99679,,66527.17298,
457,125.4371763,354.9388068,44522.52167,80122.32938,80122329.38,252652412,66686.64784,,66812.08501,
458,118.7218218,353.8422813,42008.80028,75598.65899,75598658.99,238387771.4,66892.71048,,67011.43231,
459,139.7242361,349.5673766,48843.03467,87897.48571,87897485.71,277170071.6,67108.73054,,67248.45478,
460,16.10653133,350.3725883,5643.287071,10155.60864,10155608.64,32024019.23,67183.22472,,67199.33125,
461,79.78893465,358.8906438,28635.50212,51532.19196,51532191.96,162498178.7,67344.22099,,67424.00992,
462,5.361267769,347.7604468,1864.436875,3355.223824,3355223.824,10580139.12,67494.23172,,67499.59299,
463,121.5554322,359.1989719,43662.58629,78574.79741,78574797.41,247772527.8,67558.79377,,67680.34921,
464,56.76396124,355.8140454,20197.41468,36347.08572,36347085.72,114614477,67736.67654,,67793.4405,
465,5.221356389,350.5115746,1830.145849,3293.514003,3293514.003,10385547.49,67879.04658,,67884.26794,
466,133.375874,353.5798011,47159.015,84866.93905,84866939.05,267613747.8,67941.64981,,68075.02568,
467,0.590445066,355.9468793,210.1670785,378.2147835,378214.7835,1192637.284,67993.49103,,67994.08147,
468,48.75682671,353.4818773,17234.65464,31015.3294,31015329.4,97801672.06,68118.18536,,68166.94219,
469,61.85663945,352.6621596,21814.49605,39257.17081,39257170.81,123790945.3,68245.81343,,68307.67007,
470,57.52265796,355.9862656,20477.27619,36850.72199,36850721.99,116202610,68380.30115,,68437.82381,
471,96.19886278,363.6366653,34981.43367,62952.27327,62952273.27,198509501.7,68530.72956,,68626.92842,
472,84.68214142,364.5350976,30869.61269,55552.67723,55552677.23,175176108.9,68688.40816,,68773.0903,
473,55.12865244,358.2192714,19748.14571,35538.58533,35538585.33,112065005.7,68889.52608,,68944.65474,
474,37.62125794,369.5254599,13902.01265,25017.93687,25017936.87,78889894.26,69045.71546,,69083.33672,
475,250.3116993,366.2675331,91681.04861,164988.3901,164988390.1,520263390.2,69028.09193,,69278.40363,
476,54.34054225,362.4286043,19694.56688,35442.16535,35442165.35,111760961.4,69336.36549,,69390.70603,
477,70.1592514,362.2343629,25414.09173,45734.97081,45734970.81,144217607.9,69517.21758,,69587.37683,
478,75.21871248,366.29456,27552.20519,49582.70056,49582700.56,156350782.4,69651.63785,,69726.85656,
479,54.92372237,362.6137539,19916.09715,35840.82923,35840829.23,113018081.5,69783.40238,,69838.3261,
480,93.68756795,369.1892161,34588.43977,62245.04498,62245044.98,196279375.2,69999.19275,,70092.88032,
481,120.7994394,385.3455118,46549.52179,83770.10057,83770100.57,264155050.5,70163.46967,,70284.26911,
482,86.53149129,368.0027144,31843.82367,57305.85855,57305858.55,180704474,70451.97829,,70538.50978,
483,256.9343679,367.3937223,94396.07381,169874.325,169874325,535670371.7,70610.46696,,70867.40132,
484,49.40019778,370.8286863,18319.01044,32966.72636,32966726.36,103955077.1,70805.62472,,70855.02491,
485,16.14510871,365.3883561,5899.234729,10616.20974,10616209.74,33476448.04,71033.61548,,71049.76059,
